Condition,Healthy,Healthy,Healthy,Healthy,Healthy,Healthy,Healthy,Healthy,Healthy,Healthy,Healthy,Healthy,Pneumonia,Pneumonia,Pneumonia,Pneumonia,Pneumonia,Pneumonia,Pneumonia,Pneumonia,Pneumonia,Pneumonia,Pneumonia,Pneumonia
Acuteness,Healthy,Healthy,Healthy,Healthy,Healthy,Healthy,Healthy,Healthy,Healthy,Healthy,Healthy,Healthy,Mild,Mild,Mild,Mild,Severe,Severe,Mild,Severe,Severe,Mild,Severe,Severe
Sample,iBAQ H1,iBAQ H10,iBAQ H11,iBAQ H12,iBAQ H2,iBAQ H3,iBAQ H4,iBAQ H5,iBAQ H6,iBAQ H7,iBAQ H8,iBAQ H9,iBAQ P1,iBAQ P10,iBAQ P11,iBAQ P12,iBAQ P2,iBAQ P3,iBAQ P4,iBAQ P5,iBAQ P6,iBAQ P7,iBAQ P8,iBAQ P9
Protein IDs,,,,,,,,,,,,,,,,,,,,,,,,
A0A0C4DH55,0.0,0.0,0.0,0.0,0.0,0.0,0.0,0.0,0.0,0.0,0.0,0.0,0.0,0.0,0.0,0.0,0.0,0.0,0.0,0.0,0.0,0.0,0.0,0.0
A0A075B6I0,0.0,0.0,0.0,0.0,0.0,0.0,0.0,0.0,0.0,0.0,0.0,20067000.0,0.0,0.0,0.0,0.0,0.0,0.0,0.0,18217000.0,0.0,0.0,0.0,0.0
A0A075B6J9,0.0,0.0,0.0,0.0,0.0,0.0,0.0,0.0,0.0,0.0,0.0,44258000.0,0.0,0.0,0.0,0.0,0.0,0.0,0.0,56710000.0,0.0,0.0,0.0,0.0
A0A075B6K2,0.0,0.0,0.0,0.0,0.0,0.0,0.0,0.0,0.0,0.0,0.0,0.0,0.0,0.0,0.0,0.0,0.0,0.0,0.0,0.0,0.0,0.0,0.0,0.0
A0A075B6K4,0.0,31833000.0,29557000.0,0.0,0.0,84526000.0,35434000.0,26509000.0,19931000.0,0.0,0.0,27265000.0,0.0,0.0,0.0,0.0,0.0,0.0,0.0,69123000.0,0.0,0.0,21972000.0,0.0
A0A075B6P5,0.0,195500000.0,93152000.0,0.0,0.0,233460000.0,137740000.0,194400000.0,0.0,16958000.0,0.0,195280000.0,0.0,0.0,0.0,0.0,0.0,0.0,18616000.0,215290000.0,0.0,48074000.0,74612000.0,0.0
A0A0C4DH68,0.0,0.0,0.0,0.0,0.0,0.0,17514000.0,0.0,0.0,0.0,0.0,0.0,0.0,0.0,0.0,0.0,0.0,0.0,0.0,18900000.0,0.0,0.0,15989000.0,0.0
A0A0C4DH67,0.0,0.0,0.0,0.0,0.0,0.0,0.0,0.0,0.0,0.0,0.0,0.0,0.0,0.0,0.0,0.0,0.0,0.0,0.0,0.0,0.0,0.0,0.0,0.0
A0A087WSY6,0.0,0.0,0.0,0.0,0.0,0.0,0.0,0.0,0.0,0.0,0.0,0.0,0.0,0.0,0.0,0.0,0.0,0.0,0.0,0.0,0.0,0.0,0.0,0.0
A0A0A0MRZ8,0.0,0.0,0.0,0.0,0.0,0.0,0.0,0.0,0.0,0.0,0.0,0.0,0.0,0.0,0.0,0.0,0.0,0.0,0.0,0.0,0.0,0.0,0.0,0.0
A0A0A0MT36,0.0,0.0,0.0,0.0,0.0,0.0,0.0,0.0,10212000.0,0.0,0.0,0.0,0.0,0.0,0.0,0.0,0.0,0.0,0.0,0.0,0.0,0.0,0.0,0.0
A0A0B4J1V0,0.0,0.0,0.0,0.0,0.0,0.0,7152000.0,0.0,0.0,0.0,0.0,14391000.0,0.0,0.0,0.0,0.0,0.0,6231600.0,0.0,0.0,0.0,4979700.0,0.0,0.0
A0A0B4J1V2,0.0,0.0,0.0,0.0,0.0,0.0,0.0,0.0,0.0,0.0,0.0,0.0,0.0,0.0,0.0,0.0,0.0,0.0,0.0,7972100.0,0.0,0.0,0.0,0.0
A0A0B4J1X5,0.0,9721300.0,0.0,0.0,0.0,15359000.0,18498000.0,13203000.0,5835900.0,0.0,0.0,14559000.0,0.0,0.0,0.0,0.0,0.0,0.0,0.0,35931000.0,0.0,4617100.0,0.0,0.0
A0A0B4J1Y8,0.0,0.0,0.0,0.0,0.0,0.0,11128000.0,0.0,0.0,0.0,0.0,0.0,0.0,0.0,0.0,0.0,0.0,0.0,0.0,0.0,0.0,0.0,0.0,0.0
P0DP09,0.0,0.0,0.0,0.0,0.0,0.0,0.0,0.0,0.0,0.0,0.0,0.0,0.0,0.0,0.0,0.0,0.0,0.0,0.0,0.0,0.0,0.0,0.0,0.0
A0A0C4DH25,0.0,0.0,0.0,0.0,0.0,18397000.0,19317000.0,13556000.0,0.0,0.0,0.0,0.0,0.0,0.0,0.0,0.0,0.0,0.0,0.0,33258000.0,0.0,0.0,0.0,0.0
A0A0C4DH29,0.0,0.0,0.0,0.0,0.0,0.0,0.0,0.0,0.0,0.0,0.0,0.0,0.0,0.0,0.0,0.0,0.0,0.0,0.0,9778200.0,0.0,0.0,0.0,0.0
A0A0C4DH36,0.0,0.0,0.0,0.0,0.0,0.0,0.0,0.0,0.0,0.0,0.0,0.0,0.0,0.0,0.0,0.0,0.0,0.0,0.0,0.0,0.0,0.0,0.0,0.0
A0A0C4DH38,0.0,0.0,0.0,0.0,0.0,0.0,0.0,0.0,0.0,0.0,0.0,0.0,0.0,0.0,0.0,0.0,0.0,0.0,0.0,0.0,0.0,0.0,0.0,0.0
A0A0C4DH43,0.0,0.0,8163600.0,0.0,0.0,12779000.0,16136000.0,12138000.0,7696800.0,0.0,0.0,8646700.0,0.0,0.0,0.0,0.0,0.0,0.0,0.0,9713500.0,0.0,0.0,0.0,0.0
A0A0C4DH72,0.0,0.0,0.0,0.0,0.0,0.0,0.0,7965800.0,0.0,0.0,0.0,0.0,0.0,0.0,0.0,0.0,0.0,0.0,0.0,0.0,0.0,0.0,0.0,0.0
A0A0J9YX35,0.0,0.0,0.0,0.0,0.0,0.0,0.0,0.0,0.0,0.0,0.0,0.0,0.0,0.0,0.0,0.0,0.0,0.0,0.0,0.0,0.0,0.0,0.0,0.0
A0A0K9NDT7,0.0,0.0,0.0,0.0,0.0,0.0,0.0,0.0,0.0,0.0,0.0,0.0,0.0,0.0,0.0,0.0,0.0,0.0,0.0,0.0,0.0,0.0,0.0,0.0
A0A1B0GTR4,0.0,0.0,0.0,0.0,0.0,0.0,0.0,0.0,0.0,0.0,0.0,0.0,0.0,0.0,0.0,0.0,0.0,0.0,0.0,0.0,0.0,0.0,0.0,0.0
A0A8H6BS98,0.0,0.0,0.0,0.0,0.0,0.0,0.0,5143100.0,0.0,0.0,0.0,0.0,0.0,0.0,0.0,0.0,0.0,0.0,0.0,0.0,0.0,0.0,0.0,0.0
A0A8H6BW14,0.0,0.0,0.0,0.0,0.0,0.0,0.0,0.0,0.0,0.0,0.0,0.0,0.0,0.0,1252600.0,0.0,1605800.0,0.0,0.0,0.0,0.0,0.0,1946500.0,0.0
A0A8H6F3V0,0.0,0.0,0.0,0.0,0.0,0.0,0.0,7943600.0,0.0,0.0,0.0,0.0,7464200.0,0.0,4141500.0,0.0,4453200.0,8025600.0,2414500.0,0.0,0.0,3568900.0,6194100.0,0.0
P62834,0.0,0.0,0.0,0.0,0.0,1475800.0,0.0,1942400.0,0.0,0.0,0.0,0.0,0.0,0.0,0.0,0.0,0.0,0.0,0.0,1078600.0,0.0,0.0,998870.0,0.0
A6NMB1,0.0,30345000.0,25072000.0,0.0,0.0,9723900.0,12089000.0,0.0,4858900.0,0.0,0.0,5101700.0,0.0,0.0,0.0,0.0,0.0,3290900.0,0.0,27594000.0,0.0,0.0,10636000.0,0.0
A6QL64,0.0,0.0,0.0,0.0,0.0,0.0,0.0,2177100.0,0.0,0.0,0.0,0.0,0.0,0.0,0.0,0.0,0.0,0.0,0.0,16253000.0,0.0,0.0,0.0,0.0
A8K2U0,0.0,0.0,0.0,0.0,0.0,0.0,0.0,0.0,0.0,0.0,0.0,0.0,9544900.0,4004200.0,8539900.0,0.0,14966000.0,20917000.0,1041900.0,0.0,1974000.0,10911000.0,11540000.0,0.0
B9A064,0.0,0.0,0.0,0.0,0.0,0.0,0.0,0.0,0.0,0.0,0.0,0.0,0.0,0.0,0.0,0.0,0.0,0.0,0.0,0.0,0.0,0.0,0.0,0.0
Q13765,0.0,0.0,0.0,0.0,0.0,0.0,0.0,0.0,0.0,0.0,0.0,0.0,0.0,0.0,0.0,0.0,0.0,0.0,0.0,0.0,0.0,0.0,0.0,0.0
G2XKQ0,0.0,0.0,0.0,0.0,0.0,0.0,0.0,0.0,10354000.0,0.0,0.0,0.0,0.0,0.0,0.0,0.0,0.0,0.0,0.0,0.0,0.0,0.0,0.0,0.0
O00151,0.0,0.0,0.0,0.0,0.0,0.0,0.0,2294300.0,10445000.0,0.0,0.0,0.0,0.0,0.0,0.0,0.0,0.0,0.0,0.0,0.0,0.0,0.0,0.0,0.0
O00231,0.0,0.0,0.0,0.0,0.0,0.0,0.0,0.0,0.0,0.0,0.0,0.0,0.0,0.0,0.0,0.0,0.0,0.0,0.0,0.0,0.0,0.0,0.0,0.0
O00299,0.0,0.0,0.0,0.0,0.0,15039000.0,0.0,26217000.0,6159200.0,0.0,0.0,0.0,3498100.0,0.0,0.0,0.0,0.0,3828400.0,0.0,1965500.0,0.0,0.0,2597000.0,0.0
O00330,0.0,0.0,0.0,0.0,0.0,0.0,0.0,0.0,0.0,0.0,0.0,0.0,0.0,0.0,0.0,0.0,0.0,0.0,0.0,0.0,0.0,0.0,0.0,0.0
O00391,0.0,0.0,0.0,0.0,0.0,987100.0,477070.0,0.0,0.0,0.0,0.0,455820.0,0.0,0.0,2514500.0,0.0,736020.0,0.0,0.0,0.0,0.0,266570.0,0.0,0.0
O00423,0.0,0.0,0.0,0.0,0.0,0.0,0.0,0.0,0.0,0.0,0.0,0.0,0.0,0.0,0.0,0.0,0.0,0.0,0.0,0.0,0.0,0.0,0.0,0.0
O00748,0.0,0.0,0.0,0.0,0.0,0.0,0.0,0.0,0.0,0.0,0.0,0.0,0.0,0.0,0.0,0.0,0.0,1819700.0,0.0,0.0,0.0,1785100.0,2011100.0,0.0
O14745,0.0,0.0,0.0,0.0,0.0,0.0,0.0,1446100.0,7695700.0,0.0,0.0,0.0,0.0,0.0,0.0,0.0,0.0,0.0,0.0,0.0,0.0,0.0,0.0,0.0
O14791,0.0,1173200.0,0.0,0.0,0.0,709170.0,543330.0,993180.0,0.0,0.0,0.0,0.0,0.0,0.0,0.0,0.0,0.0,0.0,0.0,2546000.0,0.0,0.0,507560.0,0.0
O14818,0.0,0.0,0.0,0.0,0.0,3705700.0,0.0,9453200.0,3822900.0,0.0,0.0,0.0,0.0,0.0,0.0,0.0,0.0,0.0,0.0,0.0,0.0,0.0,0.0,0.0
P19105,0.0,0.0,0.0,0.0,0.0,0.0,0.0,0.0,5190400.0,0.0,0.0,0.0,0.0,1375400.0,0.0,0.0,0.0,0.0,0.0,0.0,0.0,0.0,0.0,0.0
O14979,0.0,0.0,0.0,0.0,0.0,0.0,0.0,0.0,1139100.0,0.0,0.0,0.0,0.0,0.0,0.0,0.0,0.0,0.0,0.0,0.0,0.0,0.0,0.0,0.0
O15055,0.0,0.0,0.0,0.0,0.0,0.0,0.0,0.0,0.0,0.0,0.0,0.0,0.0,0.0,0.0,0.0,0.0,0.0,0.0,0.0,0.0,0.0,0.0,0.0
O15143,0.0,0.0,0.0,0.0,0.0,0.0,0.0,0.0,0.0,0.0,0.0,0.0,0.0,0.0,0.0,0.0,0.0,1866000.0,0.0,2946600.0,0.0,0.0,0.0,0.0
O15144,0.0,2750900.0,0.0,0.0,0.0,0.0,0.0,0.0,0.0,0.0,0.0,0.0,0.0,0.0,0.0,0.0,0.0,0.0,0.0,0.0,0.0,0.0,0.0,0.0
O15145,0.0,0.0,0.0,0.0,0.0,920480.0,0.0,0.0,0.0,0.0,0.0,0.0,0.0,0.0,0.0,0.0,768900.0,0.0,0.0,0.0,0.0,0.0,5260000.0,0.0
O15231,0.0,0.0,0.0,0.0,0.0,0.0,0.0,0.0,2147000.0,0.0,0.0,0.0,2099500.0,2192000.0,124850.0,0.0,3719600.0,0.0,0.0,0.0,2164700.0,2670000.0,4555900.0,0.0
O15511,0.0,0.0,0.0,0.0,0.0,0.0,0.0,6454000.0,0.0,0.0,0.0,0.0,0.0,0.0,0.0,0.0,0.0,0.0,0.0,0.0,0.0,2332600.0,3215200.0,0.0
O43240,0.0,0.0,0.0,0.0,0.0,0.0,0.0,0.0,0.0,0.0,0.0,0.0,0.0,0.0,1692700.0,0.0,0.0,0.0,980550.0,0.0,0.0,3987900.0,2883800.0,0.0
O43390,0.0,0.0,0.0,0.0,0.0,0.0,0.0,1169400.0,0.0,0.0,0.0,0.0,0.0,0.0,0.0,0.0,0.0,0.0,0.0,0.0,0.0,0.0,317080.0,0.0
O43399,0.0,0.0,0.0,0.0,0.0,0.0,0.0,0.0,590230.0,0.0,0.0,0.0,0.0,0.0,0.0,0.0,0.0,0.0,0.0,0.0,0.0,0.0,0.0,0.0
O43707,0.0,0.0,0.0,0.0,0.0,3593900.0,0.0,11802000.0,3743500.0,0.0,0.0,0.0,2054400.0,1822800.0,1762700.0,0.0,6000000.0,1301200.0,0.0,2925400.0,529500.0,11062000.0,27829000.0,0.0
O43768,0.0,0.0,0.0,0.0,0.0,0.0,0.0,0.0,0.0,0.0,0.0,0.0,0.0,0.0,0.0,0.0,0.0,0.0,0.0,0.0,0.0,0.0,0.0,0.0
O43866,0.0,0.0,0.0,0.0,0.0,2949200.0,0.0,0.0,0.0,0.0,0.0,0.0,0.0,0.0,0.0,0.0,0.0,0.0,0.0,0.0,0.0,0.0,0.0,0.0
O60218,0.0,0.0,2029300.0,0.0,0.0,0.0,0.0,2104800.0,0.0,0.0,0.0,0.0,0.0,0.0,0.0,0.0,0.0,0.0,0.0,0.0,0.0,0.0,0.0,0.0
O60235,0.0,0.0,0.0,0.0,0.0,0.0,0.0,0.0,0.0,0.0,0.0,0.0,0.0,0.0,0.0,0.0,0.0,0.0,0.0,0.0,0.0,0.0,0.0,0.0
O60337,0.0,0.0,0.0,0.0,0.0,0.0,0.0,0.0,0.0,0.0,0.0,0.0,0.0,0.0,0.0,0.0,0.0,0.0,0.0,0.0,0.0,0.0,0.0,0.0
O60437,0.0,0.0,0.0,0.0,0.0,0.0,0.0,595290.0,357250.0,0.0,0.0,0.0,7677200.0,5162900.0,8408600.0,0.0,26624000.0,292340.0,0.0,617200.0,9244100.0,7114100.0,22251000.0,0.0
O60506,0.0,0.0,0.0,0.0,0.0,707940.0,0.0,1702900.0,576200.0,0.0,0.0,0.0,0.0,0.0,0.0,0.0,0.0,0.0,0.0,0.0,0.0,0.0,0.0,0.0
O60784,0.0,0.0,0.0,0.0,0.0,0.0,0.0,0.0,0.0,0.0,0.0,0.0,703140.0,0.0,0.0,0.0,0.0,0.0,0.0,0.0,0.0,0.0,653550.0,0.0
Q99880,0.0,40405000.0,20849000.0,0.0,0.0,62054000.0,11477000.0,107990000.0,6760600.0,0.0,0.0,18673000.0,18519000.0,12737000.0,23081000.0,0.0,22440000.0,92781000.0,13559000.0,406250000.0,0.0,28003000.0,168060000.0,0.0
O60888,0.0,0.0,0.0,0.0,0.0,3168600.0,0.0,7195900.0,4724100.0,0.0,0.0,0.0,0.0,0.0,0.0,0.0,0.0,0.0,0.0,0.0,0.0,0.0,0.0,0.0
O60941,0.0,0.0,0.0,0.0,0.0,0.0,0.0,0.0,0.0,0.0,0.0,0.0,0.0,0.0,0.0,0.0,0.0,0.0,0.0,0.0,0.0,0.0,0.0,0.0
O75015,0.0,0.0,0.0,0.0,0.0,0.0,0.0,5359700.0,0.0,0.0,0.0,0.0,0.0,0.0,0.0,0.0,0.0,0.0,0.0,6107400.0,0.0,0.0,0.0,0.0
O75083,0.0,0.0,0.0,0.0,0.0,0.0,0.0,0.0,0.0,0.0,0.0,0.0,0.0,0.0,0.0,0.0,0.0,0.0,0.0,0.0,0.0,0.0,0.0,0.0
O95670,0.0,0.0,0.0,0.0,0.0,0.0,0.0,0.0,0.0,0.0,0.0,0.0,0.0,0.0,0.0,0.0,0.0,0.0,0.0,0.0,0.0,0.0,0.0,0.0
O75352,0.0,0.0,0.0,0.0,0.0,0.0,0.0,0.0,0.0,0.0,0.0,0.0,0.0,0.0,0.0,0.0,0.0,0.0,0.0,0.0,0.0,0.0,0.0,0.0
O75368,0.0,0.0,0.0,0.0,0.0,3054300.0,0.0,20328000.0,15427000.0,0.0,0.0,0.0,0.0,0.0,0.0,0.0,0.0,0.0,0.0,0.0,0.0,0.0,0.0,0.0
O75390,0.0,0.0,0.0,0.0,0.0,0.0,0.0,0.0,0.0,0.0,0.0,0.0,0.0,0.0,0.0,0.0,0.0,0.0,0.0,0.0,0.0,0.0,0.0,0.0
O75556,0.0,244250000.0,70130000.0,5592000.0,0.0,133510000.0,36924000.0,0.0,63131000.0,7132500.0,0.0,8517100.0,0.0,3644200.0,0.0,0.0,0.0,0.0,0.0,27173000.0,0.0,10808000.0,0.0,0.0
O75592,0.0,8193100.0,4024500.0,247420.0,0.0,15064000.0,11224000.0,7040700.0,0.0,687690.0,0.0,18946000.0,1586500.0,445100.0,2335300.0,0.0,1818000.0,4968300.0,1788300.0,14250000.0,201700.0,6804500.0,5069900.0,136340.0
P16152,0.0,0.0,0.0,0.0,0.0,0.0,0.0,0.0,0.0,0.0,0.0,0.0,0.0,0.0,0.0,0.0,0.0,0.0,0.0,0.0,0.0,0.0,1587500.0,0.0
O75874,0.0,0.0,0.0,0.0,0.0,1955400.0,0.0,2457400.0,0.0,0.0,0.0,0.0,0.0,0.0,0.0,0.0,3397200.0,1441000.0,0.0,0.0,0.0,0.0,3279600.0,0.0
O94808,0.0,0.0,0.0,0.0,0.0,0.0,0.0,0.0,0.0,0.0,0.0,0.0,0.0,0.0,0.0,0.0,0.0,0.0,0.0,0.0,0.0,0.0,0.0,0.0
O95171,0.0,0.0,0.0,0.0,0.0,0.0,0.0,0.0,0.0,0.0,0.0,0.0,3632600.0,5085100.0,2555800.0,0.0,11638000.0,1293600.0,0.0,0.0,2260900.0,4586700.0,17699000.0,0.0
O95336,0.0,0.0,0.0,0.0,0.0,1581100.0,0.0,0.0,0.0,0.0,0.0,0.0,0.0,0.0,0.0,0.0,0.0,0.0,0.0,0.0,0.0,0.0,0.0,0.0
O95399,0.0,0.0,0.0,0.0,0.0,0.0,0.0,0.0,0.0,0.0,0.0,0.0,0.0,5571500.0,5624400.0,0.0,0.0,14256000.0,0.0,0.0,8440500.0,12147000.0,27173000.0,0.0
O95833,0.0,0.0,0.0,0.0,0.0,0.0,0.0,0.0,0.0,0.0,0.0,0.0,0.0,0.0,0.0,0.0,1851700.0,0.0,0.0,0.0,0.0,2423200.0,0.0,0.0
O95835,0.0,1329300.0,906360.0,0.0,0.0,1707500.0,1529600.0,1650300.0,0.0,0.0,0.0,1423700.0,0.0,0.0,0.0,0.0,0.0,0.0,0.0,3001700.0,0.0,0.0,0.0,0.0
O95968,0.0,0.0,0.0,0.0,0.0,0.0,0.0,0.0,0.0,0.0,0.0,0.0,0.0,0.0,0.0,0.0,0.0,0.0,0.0,0.0,0.0,0.0,0.0,0.0
O95969,0.0,21591000.0,0.0,0.0,0.0,107630000.0,240700000.0,0.0,0.0,0.0,0.0,59390000.0,0.0,0.0,0.0,0.0,0.0,0.0,0.0,0.0,0.0,0.0,0.0,0.0
O95994,0.0,0.0,0.0,0.0,0.0,40150000.0,2096300.0,16262000.0,4043900.0,0.0,0.0,0.0,0.0,0.0,0.0,0.0,0.0,5104500.0,0.0,0.0,0.0,0.0,15717000.0,0.0
P00326,0.0,0.0,0.0,0.0,0.0,66177000.0,0.0,46819000.0,3784400.0,0.0,0.0,0.0,0.0,0.0,0.0,0.0,0.0,0.0,0.0,0.0,0.0,0.0,0.0,0.0
P00338,0.0,33250000.0,13066000.0,0.0,0.0,49565000.0,4308600.0,57598000.0,10417000.0,0.0,866840.0,4774800.0,9512000.0,1632800.0,3886500.0,0.0,5114400.0,11785000.0,1246200.0,28419000.0,0.0,6353100.0,20407000.0,0.0
P00352,0.0,3914000.0,9029300.0,0.0,0.0,103700000.0,1535800.0,120730000.0,53236000.0,0.0,0.0,2002200.0,0.0,0.0,0.0,0.0,0.0,0.0,0.0,0.0,0.0,0.0,3534900.0,0.0
P00390,0.0,0.0,0.0,0.0,0.0,0.0,0.0,1673300.0,2292800.0,0.0,0.0,0.0,0.0,0.0,0.0,0.0,0.0,0.0,0.0,0.0,0.0,0.0,0.0,0.0
P00403,0.0,0.0,0.0,0.0,0.0,0.0,0.0,0.0,0.0,0.0,0.0,0.0,3585400.0,0.0,2676300.0,0.0,0.0,0.0,0.0,0.0,0.0,0.0,3114600.0,0.0
P00441,0.0,0.0,0.0,0.0,0.0,10701000.0,0.0,19702000.0,30811000.0,0.0,0.0,0.0,0.0,0.0,0.0,0.0,0.0,0.0,0.0,0.0,0.0,0.0,0.0,0.0
P00450,0.0,16598000.0,14487000.0,0.0,0.0,17371000.0,10696000.0,16341000.0,5154900.0,1016300.0,0.0,5615700.0,0.0,0.0,0.0,0.0,0.0,657360.0,492560.0,29042000.0,0.0,242460.0,3050000.0,0.0
P00505,0.0,0.0,0.0,0.0,0.0,0.0,0.0,0.0,0.0,0.0,0.0,0.0,0.0,0.0,0.0,0.0,0.0,3157400.0,0.0,0.0,0.0,1381100.0,4935800.0,0.0
P00558,0.0,0.0,0.0,0.0,0.0,16847000.0,0.0,20660000.0,10376000.0,0.0,0.0,0.0,1006400.0,0.0,1407600.0,0.0,7353100.0,0.0,0.0,1089000.0,0.0,3104700.0,8183500.0,0.0
P00709,0.0,0.0,0.0,0.0,0.0,0.0,0.0,0.0,0.0,0.0,0.0,0.0,0.0,73566000.0,0.0,0.0,0.0,0.0,0.0,0.0,0.0,0.0,0.0,0.0
P00736,0.0,0.0,0.0,0.0,0.0,0.0,0.0,0.0,0.0,0.0,0.0,0.0,0.0,0.0,0.0,0.0,0.0,0.0,0.0,0.0,0.0,0.0,0.0,0.0
P00738,0.0,47609000.0,16248000.0,801570.0,0.0,33154000.0,48202000.0,21278000.0,12866000.0,3490300.0,1060800.0,11473000.0,0.0,0.0,0.0,0.0,0.0,2462700.0,0.0,97707000.0,0.0,1538900.0,24539000.0,0.0
P00747,0.0,4710100.0,5135500.0,0.0,0.0,9143000.0,7729600.0,12615000.0,2325200.0,1078600.0,0.0,568700.0,0.0,0.0,0.0,0.0,0.0,0.0,0.0,5296900.0,0.0,0.0,1045900.0,0.0
P00751,0.0,12281000.0,961180.0,0.0,0.0,5604300.0,3994700.0,3439800.0,0.0,0.0,0.0,0.0,0.0,0.0,0.0,0.0,0.0,0.0,0.0,11472000.0,0.0,0.0,1259000.0,0.0
P01008,0.0,0.0,2805000.0,0.0,0.0,3915600.0,1861100.0,7709500.0,4140800.0,707290.0,0.0,0.0,0.0,0.0,0.0,0.0,0.0,0.0,0.0,0.0,0.0,0.0,0.0,0.0
P01009,0.0,46147000.0,1884200.0,0.0,0.0,27625000.0,25661000.0,15119000.0,5605100.0,2145000.0,0.0,0.0,0.0,0.0,0.0,0.0,6638300.0,3139400.0,1064400.0,114010000.0,1101900.0,4848200.0,12124000.0,0.0
P01011,0.0,12551000.0,1393100.0,0.0,0.0,27552000.0,37645000.0,4184000.0,2905700.0,0.0,0.0,52283000.0,0.0,0.0,0.0,0.0,0.0,0.0,0.0,5095600.0,0.0,0.0,3165500.0,0.0
P01019,0.0,5602600.0,0.0,0.0,0.0,3667700.0,3003500.0,1959600.0,0.0,0.0,0.0,0.0,0.0,0.0,0.0,0.0,0.0,0.0,0.0,4339600.0,0.0,0.0,0.0,0.0
P01023,0.0,74895000.0,38860000.0,0.0,0.0,46463000.0,31560000.0,53529000.0,8816500.0,3267700.0,0.0,10507000.0,0.0,0.0,0.0,0.0,0.0,13263000.0,3801800.0,44466000.0,0.0,665610.0,14911000.0,0.0
P01024,0.0,66348000.0,27764000.0,0.0,0.0,46436000.0,24690000.0,56687000.0,6670500.0,1109600.0,0.0,9587800.0,0.0,0.0,53175.0,0.0,657860.0,14729000.0,2683700.0,63125000.0,0.0,1187000.0,20215000.0,0.0
P01033,0.0,0.0,0.0,0.0,0.0,0.0,0.0,8175400.0,0.0,0.0,0.0,5377600.0,0.0,0.0,3917700.0,0.0,0.0,0.0,0.0,0.0,0.0,0.0,0.0,0.0
P01034,0.0,0.0,0.0,0.0,0.0,24555000.0,7742700.0,18319000.0,5490500.0,0.0,0.0,15648000.0,0.0,0.0,3545600.0,0.0,0.0,0.0,0.0,0.0,0.0,11952000.0,0.0,0.0
P01036,0.0,12782000.0,21756000.0,2981500.0,0.0,49434000.0,30320000.0,5949900.0,65663000.0,0.0,2751700.0,0.0,0.0,1372700.0,2332300.0,0.0,123470000.0,3696000.0,0.0,56017000.0,0.0,16295000.0,8127400.0,0.0
P01037,0.0,0.0,4324100.0,0.0,0.0,8382100.0,3898400.0,0.0,12129000.0,0.0,3563900.0,0.0,0.0,0.0,0.0,0.0,29020000.0,0.0,0.0,17821000.0,0.0,9308100.0,0.0,0.0
P01040,0.0,0.0,0.0,0.0,0.0,0.0,0.0,0.0,0.0,0.0,0.0,0.0,0.0,10255000.0,0.0,0.0,0.0,0.0,0.0,0.0,17395000.0,0.0,0.0,0.0
P01042,0.0,3120100.0,4310200.0,0.0,0.0,8621000.0,6333800.0,8085200.0,2262100.0,455820.0,0.0,0.0,0.0,0.0,0.0,0.0,0.0,0.0,0.0,5552600.0,0.0,0.0,1170900.0,0.0
P01591,0.0,0.0,0.0,0.0,0.0,0.0,0.0,0.0,0.0,0.0,0.0,0.0,0.0,0.0,0.0,0.0,0.0,0.0,0.0,0.0,0.0,0.0,0.0,0.0
P01594,0.0,0.0,0.0,0.0,0.0,0.0,0.0,0.0,0.0,0.0,0.0,0.0,0.0,0.0,0.0,0.0,0.0,0.0,0.0,0.0,0.0,0.0,0.0,0.0
P01599,0.0,0.0,0.0,0.0,0.0,0.0,0.0,7491200.0,0.0,0.0,0.0,0.0,0.0,0.0,0.0,0.0,0.0,0.0,0.0,0.0,0.0,0.0,0.0,0.0
P01619,0.0,48768000.0,18520000.0,0.0,0.0,92170000.0,68539000.0,89783000.0,26975000.0,0.0,0.0,46728000.0,0.0,0.0,0.0,0.0,0.0,19589000.0,0.0,126840000.0,0.0,15305000.0,25635000.0,0.0
P01700,0.0,48906000.0,10929000.0,0.0,0.0,172610000.0,81659000.0,77962000.0,42690000.0,0.0,0.0,48713000.0,0.0,0.0,5908100.0,0.0,0.0,33425000.0,11448000.0,119900000.0,0.0,22933000.0,31841000.0,0.0
P01701,0.0,56829000.0,0.0,0.0,0.0,78432000.0,16305000.0,37099000.0,0.0,0.0,0.0,0.0,0.0,0.0,0.0,0.0,0.0,0.0,0.0,0.0,0.0,0.0,0.0,0.0
P01717,0.0,0.0,0.0,0.0,0.0,0.0,0.0,0.0,0.0,0.0,0.0,0.0,0.0,0.0,0.0,0.0,0.0,0.0,0.0,0.0,0.0,0.0,0.0,0.0
P01743,0.0,0.0,0.0,0.0,0.0,0.0,0.0,0.0,0.0,0.0,0.0,0.0,0.0,0.0,0.0,0.0,0.0,0.0,0.0,0.0,0.0,0.0,0.0,0.0
P01780,0.0,0.0,0.0,0.0,0.0,0.0,0.0,0.0,0.0,0.0,0.0,0.0,0.0,0.0,0.0,0.0,0.0,0.0,0.0,0.0,0.0,0.0,0.0,0.0
P0DP04,0.0,0.0,0.0,0.0,0.0,7717700.0,0.0,4643300.0,0.0,0.0,0.0,0.0,0.0,0.0,0.0,0.0,0.0,0.0,0.0,0.0,0.0,0.0,0.0,0.0
P01833,0.0,31573000.0,12257000.0,4156400.0,0.0,66538000.0,33852000.0,26897000.0,36848000.0,451030.0,686870.0,96290000.0,0.0,669150.0,2358700.0,0.0,0.0,4938200.0,888290.0,34738000.0,0.0,13449000.0,3582700.0,0.0
P01834,0.0,47832000.0,81825000.0,0.0,0.0,92367000.0,56651000.0,107830000.0,80759000.0,4280000.0,0.0,81292000.0,0.0,0.0,0.0,0.0,0.0,3852800.0,0.0,138360000.0,0.0,0.0,24659000.0,0.0
P01857,0.0,35767000.0,25142000.0,0.0,0.0,17091000.0,7070600.0,37822000.0,7272500.0,2997000.0,846510.0,6116000.0,0.0,0.0,0.0,0.0,0.0,3429800.0,3064200.0,14160000.0,1203800.0,0.0,4414700.0,0.0
P01859,0.0,61196000.0,82430000.0,0.0,0.0,94847000.0,32074000.0,120300000.0,60492000.0,16543000.0,0.0,15329000.0,0.0,0.0,0.0,0.0,14093000.0,12274000.0,16827000.0,51813000.0,3216400.0,10311000.0,19649000.0,0.0
P01860,0.0,0.0,0.0,0.0,0.0,7447300.0,4188600.0,11450000.0,4038900.0,730580.0,0.0,2712100.0,0.0,0.0,0.0,0.0,0.0,0.0,1072300.0,8883800.0,0.0,1794900.0,3199800.0,0.0
P01861,0.0,0.0,0.0,0.0,0.0,3107800.0,0.0,8162600.0,0.0,0.0,0.0,0.0,0.0,0.0,0.0,0.0,0.0,0.0,0.0,0.0,0.0,0.0,0.0,0.0
P01871,0.0,48959000.0,26193000.0,263900.0,0.0,126960000.0,16226000.0,32154000.0,12577000.0,2745400.0,0.0,34357000.0,5739500.0,3590100.0,7380800.0,0.0,1307000.0,31619000.0,4732200.0,116110000.0,3449400.0,17838000.0,40837000.0,600990.0
P01876,0.0,23343000.0,17313000.0,0.0,0.0,96102000.0,55579000.0,51125000.0,37648000.0,4106000.0,0.0,134330000.0,1919900.0,0.0,6684300.0,0.0,2923200.0,7139600.0,6714700.0,24221000.0,0.0,18768000.0,10941000.0,0.0
P01877,0.0,6187200.0,8398900.0,0.0,0.0,17423000.0,22025000.0,8387400.0,5651600.0,0.0,0.0,45193000.0,0.0,0.0,0.0,0.0,0.0,0.0,0.0,2975500.0,0.0,0.0,2623300.0,0.0
P01880,0.0,0.0,7391700.0,0.0,0.0,9850400.0,0.0,6369200.0,0.0,0.0,0.0,3938300.0,0.0,0.0,0.0,0.0,0.0,0.0,0.0,0.0,0.0,0.0,0.0,0.0
P17693,0.0,0.0,0.0,0.0,0.0,0.0,0.0,0.0,0.0,0.0,0.0,0.0,0.0,0.0,0.0,0.0,0.0,2179100.0,0.0,0.0,0.0,0.0,3472000.0,0.0
P02511,0.0,0.0,0.0,0.0,0.0,0.0,0.0,0.0,0.0,0.0,0.0,0.0,8155800.0,0.0,0.0,0.0,3389200.0,0.0,0.0,0.0,0.0,0.0,0.0,0.0
P02545,0.0,0.0,0.0,0.0,0.0,11827000.0,0.0,20436000.0,17270000.0,0.0,0.0,0.0,5496600.0,13657000.0,7902900.0,0.0,13407000.0,1849100.0,0.0,0.0,711400.0,11293000.0,30425000.0,0.0
P02647,0.0,115270000.0,58507000.0,0.0,0.0,61963000.0,35152000.0,63215000.0,19390000.0,18136000.0,0.0,5028300.0,0.0,0.0,0.0,0.0,0.0,0.0,0.0,17363000.0,0.0,0.0,0.0,0.0
P02652,0.0,12699000.0,16404000.0,0.0,0.0,22868000.0,11670000.0,12740000.0,8485300.0,9975000.0,0.0,0.0,16854000.0,0.0,0.0,0.0,4645100.0,0.0,0.0,19911000.0,0.0,0.0,0.0,0.0
P02671,0.0,23188000.0,26158000.0,225990.0,0.0,9532600.0,22558000.0,19454000.0,4287600.0,13337000.0,523130.0,3828600.0,0.0,0.0,0.0,0.0,0.0,1502700.0,2543600.0,12776000.0,0.0,0.0,10991000.0,0.0
P02675,0.0,70667000.0,72191000.0,0.0,0.0,36577000.0,56048000.0,58745000.0,13060000.0,15460000.0,0.0,4502800.0,0.0,0.0,0.0,0.0,0.0,2464300.0,0.0,41547000.0,276320.0,838950.0,17853000.0,0.0
P02679,0.0,39329000.0,31875000.0,0.0,0.0,22832000.0,21434000.0,42733000.0,8682800.0,4342000.0,0.0,4986900.0,0.0,0.0,0.0,0.0,0.0,0.0,0.0,10965000.0,0.0,0.0,692370.0,0.0
P02747,0.0,4615700.0,0.0,0.0,0.0,0.0,0.0,7749600.0,0.0,0.0,0.0,0.0,0.0,0.0,0.0,0.0,0.0,0.0,0.0,6336400.0,0.0,0.0,0.0,0.0
P02749,0.0,5817300.0,4691300.0,0.0,0.0,7975900.0,19220000.0,8275300.0,9159400.0,1249400.0,0.0,0.0,0.0,0.0,0.0,0.0,0.0,0.0,0.0,0.0,0.0,0.0,0.0,0.0
P02750,0.0,0.0,0.0,0.0,0.0,3007900.0,0.0,5100100.0,0.0,0.0,0.0,0.0,0.0,0.0,0.0,0.0,0.0,0.0,0.0,11730000.0,0.0,0.0,2825300.0,0.0
P02751,0.0,681130.0,0.0,0.0,0.0,242080.0,1933000.0,1597400.0,412840.0,0.0,0.0,834960.0,0.0,0.0,0.0,0.0,45649000.0,0.0,0.0,3166000.0,0.0,0.0,0.0,0.0
P02753,0.0,0.0,0.0,0.0,0.0,0.0,0.0,0.0,0.0,0.0,0.0,0.0,0.0,0.0,0.0,0.0,0.0,0.0,0.0,0.0,0.0,0.0,0.0,0.0
P02760,0.0,8287600.0,6611200.0,0.0,0.0,7779100.0,6816500.0,7702000.0,2121300.0,0.0,0.0,0.0,0.0,0.0,0.0,0.0,0.0,0.0,0.0,0.0,0.0,0.0,0.0,0.0
P02763,0.0,0.0,0.0,0.0,0.0,0.0,16038000.0,0.0,0.0,0.0,0.0,2153200.0,0.0,0.0,0.0,0.0,0.0,34559000.0,25120000.0,53919000.0,0.0,0.0,13488000.0,0.0
P02765,0.0,10062000.0,7984100.0,0.0,0.0,8668400.0,5745900.0,9176900.0,0.0,4179700.0,0.0,3366100.0,0.0,0.0,0.0,0.0,0.0,0.0,0.0,24998000.0,0.0,0.0,2070100.0,0.0
P02766,0.0,6716600.0,7017900.0,0.0,0.0,11854000.0,7764400.0,7066600.0,0.0,0.0,0.0,5266100.0,0.0,0.0,0.0,0.0,0.0,0.0,0.0,7827600.0,0.0,0.0,0.0,0.0
P02774,0.0,26189000.0,22673000.0,0.0,0.0,28696000.0,22033000.0,23348000.0,13003000.0,3290400.0,0.0,4720700.0,0.0,0.0,0.0,0.0,0.0,0.0,0.0,47371000.0,0.0,0.0,5345300.0,0.0
P02787,0.0,149330000.0,114960000.0,786060.0,0.0,136180000.0,123400000.0,125550000.0,77585000.0,42414000.0,0.0,30093000.0,0.0,3533900.0,0.0,0.0,1693800.0,36445000.0,22663000.0,116170000.0,930260.0,6055000.0,31074000.0,0.0
P02788,0.0,24711000.0,32971000.0,11398000.0,0.0,87472000.0,52206000.0,26317000.0,98043000.0,7618600.0,10300000.0,86673000.0,0.0,8146300.0,1023300.0,0.0,967680.0,12385000.0,4043900.0,23282000.0,247880.0,2884700.0,6158400.0,198920.0
P02790,0.0,54524000.0,26500000.0,0.0,0.0,50105000.0,43987000.0,46401000.0,13907000.0,5913600.0,0.0,3766200.0,0.0,1936000.0,0.0,0.0,4038400.0,27564000.0,11172000.0,82898000.0,0.0,3436000.0,21928000.0,0.0
P02792,0.0,0.0,0.0,0.0,0.0,0.0,0.0,5972800.0,0.0,0.0,0.0,0.0,0.0,0.0,0.0,0.0,0.0,0.0,0.0,0.0,0.0,0.0,0.0,0.0
P02794,0.0,0.0,0.0,0.0,0.0,0.0,0.0,13554000.0,0.0,0.0,0.0,0.0,0.0,0.0,0.0,0.0,0.0,4206200.0,0.0,10383000.0,0.0,0.0,4621900.0,0.0
P02808,0.0,0.0,29562000.0,0.0,0.0,21845000.0,17234000.0,0.0,48164000.0,8347600.0,24929000.0,67837000.0,0.0,0.0,0.0,0.0,0.0,0.0,0.0,0.0,0.0,0.0,0.0,0.0
P02814,0.0,0.0,0.0,0.0,0.0,0.0,0.0,0.0,0.0,0.0,0.0,0.0,0.0,0.0,0.0,0.0,10299000.0,0.0,10524000.0,0.0,0.0,39034000.0,14701000.0,0.0
P03973,0.0,43915000.0,35563000.0,15612000.0,0.0,159600000.0,63027000.0,35366000.0,95412000.0,13153000.0,16136000.0,103210000.0,3600100.0,0.0,2474900.0,0.0,0.0,0.0,0.0,0.0,0.0,0.0,0.0,1528800.0
P04003,0.0,0.0,0.0,0.0,0.0,0.0,0.0,3482700.0,0.0,0.0,0.0,0.0,0.0,0.0,0.0,0.0,0.0,0.0,478220.0,3869300.0,0.0,0.0,1184300.0,0.0
P04004,0.0,7468700.0,1515600.0,0.0,0.0,0.0,4023200.0,2397000.0,0.0,0.0,0.0,0.0,0.0,0.0,0.0,0.0,0.0,5478800.0,2129700.0,21472000.0,0.0,0.0,7231500.0,0.0
P04040,0.0,12605000.0,0.0,0.0,0.0,0.0,0.0,5609400.0,0.0,0.0,0.0,929450.0,0.0,0.0,0.0,0.0,0.0,0.0,0.0,14906000.0,0.0,0.0,0.0,0.0
P04075,0.0,0.0,966270.0,0.0,0.0,9017700.0,0.0,12065000.0,5747100.0,0.0,0.0,0.0,0.0,2253200.0,1868500.0,0.0,6941800.0,0.0,0.0,4818200.0,0.0,4954300.0,10284000.0,0.0
P04080,0.0,0.0,0.0,0.0,0.0,0.0,0.0,0.0,0.0,0.0,0.0,0.0,12607000.0,57002000.0,12209000.0,0.0,97350000.0,12806000.0,9053300.0,0.0,80107000.0,67677000.0,57809000.0,0.0
P04083,0.0,3455800.0,2349700.0,1470800.0,0.0,2096000.0,2605600.0,3217100.0,10705000.0,0.0,1106300.0,2087200.0,79065000.0,23038000.0,97118000.0,0.0,47779000.0,45566000.0,15017000.0,13162000.0,36177000.0,73343000.0,137590000.0,0.0
P04114,0.0,0.0,0.0,0.0,0.0,0.0,0.0,31385.0,0.0,0.0,0.0,0.0,0.0,0.0,0.0,0.0,0.0,0.0,0.0,121140.0,0.0,0.0,0.0,0.0
P04179,0.0,0.0,3092200.0,0.0,0.0,0.0,0.0,0.0,6684800.0,0.0,0.0,0.0,0.0,0.0,0.0,0.0,0.0,7765900.0,0.0,0.0,0.0,0.0,2747100.0,0.0
P04196,0.0,2479200.0,1344100.0,0.0,0.0,4521800.0,722190.0,1647300.0,1295000.0,408300.0,0.0,932820.0,0.0,0.0,0.0,0.0,0.0,0.0,0.0,3051200.0,0.0,0.0,0.0,0.0
P04217,0.0,18531000.0,9416000.0,0.0,0.0,6134900.0,12918000.0,7320400.0,3310700.0,0.0,0.0,0.0,0.0,0.0,0.0,0.0,0.0,2403400.0,0.0,27939000.0,0.0,0.0,2626600.0,0.0
P04259,9129200.0,4931600.0,2930800.0,4219800.0,2627600.0,6182500.0,8219900.0,3304400.0,2262200.0,6601200.0,6133100.0,4052000.0,62647000.0,4145200.0,16987000.0,7638600.0,16877000.0,5101500.0,9099300.0,11450000.0,5027900.0,7860000.0,5209200.0,0.0
P04279,0.0,0.0,0.0,0.0,0.0,0.0,0.0,0.0,0.0,0.0,0.0,0.0,0.0,0.0,0.0,0.0,73376000.0,0.0,0.0,0.0,0.0,0.0,0.0,0.0
P04406,0.0,0.0,0.0,0.0,0.0,42955000.0,2689600.0,31268000.0,19548000.0,0.0,0.0,0.0,0.0,1826500.0,3156700.0,0.0,5169900.0,0.0,0.0,2191600.0,0.0,2678500.0,6364200.0,0.0
P04632,0.0,0.0,0.0,0.0,0.0,1612400.0,0.0,11719000.0,0.0,0.0,0.0,0.0,0.0,0.0,0.0,0.0,0.0,0.0,0.0,0.0,0.0,0.0,0.0,0.0
P04792,0.0,0.0,0.0,0.0,0.0,14830000.0,0.0,29466000.0,48787000.0,0.0,0.0,0.0,5029100.0,2280600.0,3431400.0,0.0,6660900.0,0.0,0.0,0.0,12103000.0,3547200.0,5627400.0,269410.0
P04844,0.0,0.0,0.0,0.0,0.0,0.0,0.0,0.0,0.0,0.0,0.0,0.0,0.0,0.0,5912200.0,0.0,0.0,0.0,0.0,330080.0,0.0,0.0,0.0,0.0
P04899,0.0,0.0,0.0,0.0,0.0,0.0,0.0,55475000.0,0.0,0.0,0.0,0.0,0.0,0.0,0.0,0.0,0.0,0.0,0.0,49363000.0,0.0,0.0,14032000.0,0.0
Q6FI13,0.0,0.0,0.0,0.0,0.0,32527000.0,2279100.0,5224000.0,38582000.0,0.0,0.0,3368500.0,0.0,1947200.0,7112900.0,0.0,0.0,0.0,0.0,0.0,0.0,10520000.0,37356000.0,0.0
P05067,0.0,0.0,0.0,0.0,0.0,0.0,0.0,0.0,0.0,0.0,0.0,0.0,0.0,0.0,0.0,0.0,0.0,0.0,0.0,0.0,0.0,0.0,0.0,0.0
P05109,0.0,93227000.0,38130000.0,8205400.0,0.0,6706100.0,7396400.0,24550000.0,13436000.0,0.0,1265000.0,17563000.0,21306000.0,8966100.0,32885000.0,0.0,15020000.0,67601000.0,10451000.0,109310000.0,4293300.0,45224000.0,84739000.0,0.0
P05120,0.0,0.0,0.0,0.0,0.0,0.0,0.0,0.0,0.0,0.0,0.0,0.0,1758500.0,0.0,0.0,0.0,0.0,5037300.0,0.0,0.0,0.0,0.0,0.0,0.0
P05141,0.0,0.0,0.0,0.0,0.0,0.0,0.0,0.0,0.0,0.0,0.0,0.0,0.0,0.0,868180.0,0.0,0.0,0.0,0.0,0.0,0.0,0.0,0.0,0.0
P05155,0.0,6568900.0,2397600.0,0.0,0.0,996860.0,3289500.0,2793200.0,0.0,0.0,0.0,0.0,0.0,0.0,0.0,0.0,0.0,0.0,0.0,13737000.0,0.0,0.0,0.0,0.0
P05164,0.0,20899000.0,48640000.0,6466300.0,0.0,1393400.0,4273600.0,26417000.0,5592300.0,4449300.0,758720.0,25139000.0,468000.0,0.0,566300.0,0.0,0.0,24569000.0,3194300.0,38818000.0,0.0,1997900.0,5737000.0,0.0
P05204,0.0,0.0,0.0,9554700.0,0.0,0.0,0.0,0.0,0.0,10471000.0,5177100.0,0.0,0.0,0.0,0.0,0.0,0.0,0.0,0.0,0.0,0.0,0.0,0.0,0.0
P05386,0.0,0.0,0.0,0.0,0.0,0.0,0.0,0.0,0.0,0.0,0.0,0.0,8606400.0,0.0,3916700.0,0.0,0.0,0.0,0.0,0.0,0.0,0.0,0.0,0.0
P05387,0.0,0.0,0.0,0.0,0.0,0.0,0.0,13469000.0,12668000.0,0.0,0.0,0.0,3605500.0,2196400.0,0.0,0.0,3987200.0,0.0,0.0,0.0,0.0,0.0,0.0,0.0
Q8NHW5,0.0,0.0,0.0,0.0,0.0,0.0,0.0,0.0,0.0,0.0,0.0,0.0,0.0,0.0,0.0,0.0,0.0,0.0,0.0,0.0,0.0,0.0,0.0,0.0
P05413,0.0,0.0,0.0,0.0,0.0,0.0,0.0,0.0,0.0,0.0,0.0,0.0,0.0,2040200.0,0.0,0.0,0.0,0.0,0.0,0.0,0.0,0.0,0.0,0.0
P05455,0.0,0.0,0.0,0.0,0.0,0.0,0.0,1876000.0,0.0,0.0,0.0,0.0,0.0,0.0,0.0,0.0,0.0,0.0,0.0,0.0,0.0,0.0,0.0,0.0
P05546,0.0,1092600.0,0.0,0.0,0.0,0.0,0.0,0.0,0.0,0.0,0.0,0.0,0.0,0.0,0.0,0.0,0.0,0.0,0.0,4140900.0,0.0,0.0,0.0,0.0
P05783,0.0,0.0,0.0,0.0,0.0,0.0,0.0,4579200.0,6137700.0,0.0,0.0,0.0,0.0,0.0,0.0,0.0,0.0,1114300.0,0.0,0.0,0.0,0.0,0.0,0.0
P05814,0.0,0.0,0.0,0.0,0.0,0.0,0.0,0.0,0.0,0.0,0.0,0.0,0.0,746570000.0,0.0,0.0,0.0,0.0,0.0,0.0,0.0,0.0,0.0,0.0
P05976,0.0,0.0,0.0,0.0,0.0,0.0,0.0,0.0,0.0,0.0,0.0,0.0,0.0,0.0,0.0,0.0,0.0,0.0,0.0,0.0,1524200.0,0.0,0.0,0.0
P06310,0.0,0.0,0.0,0.0,0.0,0.0,0.0,17241000.0,0.0,0.0,0.0,16299000.0,0.0,0.0,0.0,0.0,0.0,0.0,0.0,15603000.0,0.0,0.0,0.0,0.0
P06312,0.0,0.0,0.0,0.0,0.0,0.0,0.0,0.0,0.0,0.0,0.0,0.0,0.0,0.0,0.0,0.0,0.0,0.0,0.0,0.0,0.0,0.0,0.0,0.0
P06454,0.0,0.0,0.0,0.0,0.0,0.0,0.0,0.0,0.0,0.0,0.0,0.0,0.0,0.0,0.0,0.0,0.0,0.0,0.0,0.0,0.0,0.0,0.0,0.0
P06576,0.0,0.0,0.0,0.0,0.0,1424700.0,0.0,0.0,6625500.0,0.0,0.0,0.0,5101500.0,2561900.0,1993600.0,0.0,11957000.0,0.0,0.0,3934800.0,0.0,10681000.0,31795000.0,0.0
P06702,0.0,385900000.0,178540000.0,86035000.0,0.0,38522000.0,45705000.0,97106000.0,63561000.0,65314000.0,27829000.0,134780000.0,205850000.0,77698000.0,118800000.0,0.0,142070000.0,171350000.0,49174000.0,196100000.0,138280000.0,104490000.0,123050000.0,0.0
P06703,0.0,0.0,0.0,0.0,0.0,0.0,0.0,0.0,0.0,0.0,0.0,0.0,0.0,0.0,0.0,0.0,0.0,0.0,0.0,0.0,0.0,0.0,0.0,0.0
P06727,0.0,9441800.0,1253900.0,0.0,0.0,24554000.0,16029000.0,13483000.0,2888200.0,806150.0,0.0,0.0,0.0,0.0,0.0,0.0,0.0,0.0,0.0,0.0,0.0,0.0,0.0,0.0
P06731,0.0,0.0,0.0,0.0,0.0,1418000.0,0.0,1214000.0,1963700.0,0.0,0.0,0.0,1612800.0,1319600.0,0.0,0.0,3114400.0,3850300.0,2322200.0,0.0,1424700.0,1028800.0,5147500.0,0.0
P06733,0.0,32101000.0,26163000.0,4880800.0,0.0,107230000.0,18679000.0,164190000.0,75761000.0,8046200.0,4358900.0,15694000.0,8728300.0,8050500.0,10051000.0,0.0,28038000.0,8828200.0,2252700.0,21140000.0,3154800.0,20549000.0,55936000.0,0.0
P06737,0.0,0.0,0.0,0.0,0.0,0.0,0.0,0.0,0.0,0.0,0.0,0.0,0.0,0.0,0.0,0.0,0.0,0.0,0.0,218450.0,0.0,0.0,0.0,0.0
P06744,0.0,3469800.0,2198100.0,0.0,0.0,6402900.0,1289000.0,9882400.0,1659900.0,0.0,0.0,0.0,0.0,0.0,0.0,0.0,2017100.0,3844000.0,0.0,7106700.0,0.0,1135800.0,6333000.0,0.0
P06748,0.0,2888600.0,0.0,0.0,0.0,0.0,0.0,13416000.0,0.0,793580.0,0.0,0.0,0.0,712750.0,0.0,0.0,3149600.0,8248600.0,0.0,0.0,0.0,1392000.0,8975900.0,0.0
P06858,0.0,0.0,0.0,0.0,0.0,0.0,0.0,0.0,0.0,0.0,0.0,0.0,0.0,0.0,0.0,0.0,2908400.0,0.0,0.0,0.0,0.0,0.0,0.0,0.0
P06870,0.0,0.0,0.0,0.0,0.0,0.0,0.0,0.0,0.0,0.0,0.0,0.0,0.0,4351300.0,5262500.0,0.0,16124000.0,6227000.0,4803300.0,0.0,0.0,15035000.0,10274000.0,0.0
P07108,0.0,0.0,0.0,0.0,0.0,0.0,4763100.0,65947000.0,61338000.0,0.0,0.0,0.0,0.0,11523000.0,0.0,0.0,0.0,7827200.0,0.0,0.0,5362400.0,0.0,0.0,0.0
P07195,0.0,0.0,0.0,0.0,0.0,17155000.0,0.0,16624000.0,1234000.0,0.0,0.0,0.0,0.0,0.0,0.0,0.0,0.0,0.0,0.0,2095000.0,0.0,0.0,0.0,0.0
P07237,0.0,0.0,3795000.0,0.0,0.0,2020200.0,0.0,10540000.0,6301000.0,0.0,0.0,972910.0,4332900.0,7207600.0,6110700.0,0.0,22082000.0,1056200.0,0.0,7651000.0,2313200.0,7155300.0,27370000.0,0.0
P07288,0.0,0.0,0.0,0.0,0.0,0.0,0.0,0.0,0.0,0.0,0.0,0.0,0.0,0.0,0.0,0.0,56039000.0,0.0,0.0,0.0,0.0,0.0,0.0,0.0
P07305,0.0,0.0,0.0,0.0,0.0,7658200.0,0.0,17837000.0,17118000.0,0.0,0.0,0.0,0.0,0.0,0.0,0.0,7567600.0,0.0,0.0,0.0,0.0,0.0,0.0,0.0
P07339,0.0,0.0,0.0,0.0,0.0,16223000.0,0.0,14322000.0,8815400.0,0.0,0.0,0.0,0.0,0.0,0.0,0.0,0.0,0.0,0.0,2401700.0,0.0,0.0,2288800.0,0.0
P07355,0.0,0.0,0.0,0.0,0.0,2473300.0,1575000.0,0.0,0.0,0.0,0.0,0.0,34838000.0,14906000.0,23218000.0,0.0,80290000.0,66386000.0,0.0,38750000.0,7034400.0,70192000.0,144370000.0,0.0
P07384,0.0,0.0,0.0,0.0,0.0,0.0,0.0,1752100.0,0.0,0.0,0.0,0.0,0.0,0.0,0.0,0.0,4153200.0,0.0,0.0,0.0,0.0,1068600.0,0.0,0.0
P07437,0.0,921080.0,0.0,0.0,0.0,17406000.0,0.0,18454000.0,4031800.0,0.0,0.0,0.0,13090000.0,0.0,6011100.0,0.0,7963900.0,2212000.0,0.0,10697000.0,0.0,3736600.0,16552000.0,0.0
P07476,0.0,0.0,0.0,0.0,0.0,0.0,0.0,0.0,0.0,0.0,0.0,0.0,5541300.0,5033400.0,4513500.0,0.0,6943800.0,829940.0,0.0,0.0,10431000.0,363690.0,3061700.0,0.0
P07498,0.0,0.0,0.0,0.0,0.0,0.0,0.0,0.0,0.0,0.0,0.0,0.0,0.0,16015000.0,0.0,0.0,0.0,0.0,0.0,0.0,0.0,0.0,0.0,0.0
P07602,0.0,0.0,336040.0,0.0,0.0,4482500.0,0.0,3600800.0,8270200.0,0.0,0.0,0.0,0.0,0.0,0.0,0.0,1374200.0,0.0,0.0,0.0,0.0,0.0,0.0,0.0
P07737,0.0,66757000.0,2794700.0,0.0,0.0,22237000.0,3818300.0,42175000.0,18010000.0,0.0,0.0,1602100.0,10141000.0,1473200.0,9843500.0,0.0,21469000.0,0.0,0.0,9483200.0,5531900.0,5838300.0,14360000.0,0.0
P07858,0.0,0.0,3114900.0,0.0,0.0,24683000.0,0.0,21018000.0,27890000.0,976780.0,0.0,1325600.0,0.0,0.0,0.0,0.0,0.0,0.0,0.0,0.0,0.0,0.0,0.0,0.0
P07900,0.0,2853100.0,2938800.0,351220.0,0.0,4856600.0,0.0,19292000.0,3271300.0,0.0,393660.0,0.0,4056800.0,1996200.0,5529800.0,0.0,23355000.0,5590400.0,533160.0,19427000.0,861460.0,5138700.0,24499000.0,0.0
P07910,0.0,0.0,0.0,0.0,0.0,2776000.0,0.0,6203200.0,2254400.0,0.0,0.0,0.0,0.0,0.0,0.0,0.0,0.0,0.0,0.0,1882200.0,0.0,0.0,0.0,0.0
P07988,0.0,0.0,0.0,0.0,0.0,0.0,0.0,0.0,0.0,0.0,0.0,0.0,0.0,0.0,902560.0,0.0,0.0,0.0,0.0,4395700.0,0.0,904140.0,0.0,0.0
P08118,0.0,37475000.0,0.0,0.0,0.0,41625000.0,0.0,0.0,0.0,0.0,0.0,31959000.0,0.0,0.0,0.0,0.0,0.0,0.0,0.0,0.0,0.0,0.0,0.0,0.0
P08133,0.0,0.0,0.0,0.0,0.0,0.0,0.0,0.0,0.0,0.0,0.0,0.0,0.0,0.0,0.0,0.0,0.0,0.0,0.0,3605000.0,0.0,0.0,452480.0,0.0
P08238,0.0,0.0,0.0,0.0,0.0,1514200.0,0.0,8012500.0,2228100.0,0.0,0.0,0.0,2582600.0,691680.0,2321300.0,0.0,5788200.0,3377800.0,363830.0,5675500.0,609610.0,1552800.0,9851700.0,0.0
P08246,0.0,18404000.0,7295800.0,0.0,0.0,4643200.0,0.0,24580000.0,4042000.0,1058500.0,0.0,5626900.0,3238400.0,0.0,0.0,0.0,0.0,4453500.0,4115700.0,18136000.0,0.0,0.0,0.0,0.0
Q16772,0.0,0.0,10671000.0,0.0,0.0,35601000.0,0.0,5858500.0,22024000.0,0.0,0.0,1764800.0,0.0,0.0,0.0,0.0,0.0,4496600.0,0.0,0.0,0.0,0.0,3671100.0,0.0
P08311,0.0,23876000.0,14348000.0,0.0,0.0,0.0,0.0,22825000.0,3492000.0,0.0,0.0,0.0,8091800.0,0.0,2473500.0,0.0,2304500.0,32167000.0,2911600.0,109300000.0,0.0,3300000.0,11086000.0,0.0
P08603,0.0,7108900.0,1539600.0,0.0,0.0,11080000.0,4623600.0,12645000.0,5287700.0,0.0,0.0,0.0,0.0,0.0,0.0,0.0,0.0,0.0,0.0,3046400.0,0.0,0.0,0.0,0.0
P08670,0.0,4170700.0,12601000.0,5225100.0,0.0,8707100.0,0.0,33279000.0,13664000.0,4423100.0,0.0,5283900.0,33545000.0,0.0,0.0,0.0,0.0,1119100.0,0.0,13659000.0,0.0,0.0,2170100.0,0.0
P08758,0.0,0.0,0.0,0.0,0.0,0.0,0.0,0.0,0.0,0.0,0.0,0.0,0.0,0.0,0.0,0.0,0.0,0.0,0.0,0.0,0.0,1296500.0,1043600.0,0.0
P08865,0.0,0.0,0.0,0.0,0.0,5651100.0,0.0,3709100.0,3350100.0,0.0,0.0,0.0,0.0,0.0,0.0,0.0,0.0,0.0,0.0,0.0,0.0,0.0,3029700.0,0.0
P09211,0.0,6070600.0,5396900.0,0.0,0.0,44882000.0,0.0,42917000.0,16236000.0,0.0,1034600.0,0.0,9831800.0,3429200.0,3863900.0,0.0,14174000.0,3651000.0,0.0,4325400.0,2090100.0,11090000.0,15036000.0,0.0
P09228,0.0,0.0,0.0,0.0,0.0,0.0,0.0,0.0,0.0,0.0,0.0,0.0,0.0,0.0,0.0,0.0,28000000.0,0.0,0.0,0.0,0.0,0.0,0.0,0.0
P09429,0.0,0.0,0.0,0.0,0.0,0.0,0.0,19687000.0,0.0,0.0,0.0,0.0,0.0,0.0,0.0,0.0,0.0,0.0,0.0,0.0,0.0,0.0,4107700.0,0.0
P09467,0.0,0.0,0.0,0.0,0.0,2313400.0,0.0,4271800.0,2786100.0,0.0,0.0,0.0,0.0,0.0,0.0,0.0,0.0,0.0,0.0,726440.0,0.0,0.0,0.0,0.0
P09651,0.0,0.0,0.0,0.0,0.0,1921800.0,0.0,1245600.0,0.0,0.0,0.0,0.0,0.0,0.0,0.0,0.0,0.0,0.0,0.0,0.0,0.0,0.0,0.0,0.0
P09758,0.0,0.0,0.0,0.0,0.0,0.0,0.0,0.0,0.0,0.0,0.0,0.0,0.0,0.0,0.0,0.0,7166100.0,3769600.0,0.0,0.0,1279200.0,0.0,0.0,0.0
P09960,0.0,719850.0,0.0,0.0,0.0,440900.0,0.0,614290.0,0.0,0.0,0.0,628840.0,0.0,0.0,0.0,0.0,0.0,0.0,0.0,757700.0,0.0,1548400.0,904230.0,0.0
P09972,0.0,0.0,0.0,0.0,0.0,0.0,0.0,0.0,0.0,0.0,0.0,0.0,0.0,0.0,0.0,0.0,0.0,0.0,0.0,0.0,0.0,0.0,0.0,0.0
P0C0L5,0.0,12448000.0,6591100.0,0.0,0.0,5302800.0,7305100.0,14663000.0,0.0,0.0,0.0,396340.0,0.0,0.0,0.0,0.0,518910.0,0.0,202930.0,15374000.0,0.0,0.0,2108900.0,0.0
P0CB38,0.0,0.0,0.0,0.0,0.0,0.0,0.0,0.0,0.0,0.0,0.0,0.0,0.0,0.0,0.0,0.0,0.0,0.0,0.0,0.0,0.0,0.0,0.0,0.0
P0CG39,0.0,0.0,0.0,0.0,0.0,0.0,0.0,0.0,0.0,0.0,0.0,0.0,0.0,0.0,0.0,0.0,0.0,0.0,0.0,0.0,0.0,0.0,0.0,0.0
P62987,627610.0,0.0,28164000.0,5802700.0,0.0,29170000.0,5773900.0,49153000.0,43865000.0,12370000.0,4399700.0,0.0,30204000.0,9851900.0,22229000.0,0.0,33687000.0,57088000.0,8919600.0,24111000.0,2962400.0,21221000.0,34532000.0,0.0
P0DMV8,0.0,959110.0,605370.0,0.0,0.0,17441000.0,550450.0,24871000.0,19823000.0,0.0,0.0,0.0,0.0,1790200.0,697100.0,0.0,2742300.0,0.0,0.0,0.0,0.0,7128300.0,7857500.0,0.0
P0DOY3,0.0,24688000.0,2261000.0,0.0,0.0,283770000.0,36104000.0,102130000.0,34287000.0,0.0,0.0,44402000.0,0.0,0.0,0.0,0.0,5895800.0,2753400.0,0.0,41716000.0,0.0,13688000.0,25407000.0,0.0
P0DP25,0.0,0.0,0.0,0.0,0.0,0.0,0.0,0.0,0.0,0.0,0.0,0.0,0.0,0.0,0.0,0.0,0.0,0.0,0.0,0.0,0.0,0.0,0.0,0.0
P0DPA3,0.0,0.0,0.0,0.0,0.0,0.0,0.0,0.0,0.0,0.0,0.0,0.0,0.0,0.0,0.0,0.0,0.0,0.0,0.0,0.0,0.0,0.0,0.0,0.0
P0DUB6,0.0,0.0,0.0,0.0,0.0,0.0,0.0,0.0,0.0,0.0,0.0,0.0,0.0,0.0,0.0,0.0,4950100.0,0.0,0.0,0.0,0.0,33829000.0,3792500.0,0.0
P10153,0.0,186440000.0,18269000.0,0.0,0.0,0.0,20793000.0,18056000.0,0.0,0.0,0.0,12706000.0,0.0,0.0,0.0,0.0,0.0,0.0,0.0,0.0,0.0,0.0,0.0,0.0
P10412,0.0,0.0,0.0,0.0,0.0,0.0,0.0,0.0,0.0,0.0,0.0,0.0,0.0,0.0,0.0,0.0,0.0,0.0,0.0,0.0,0.0,0.0,0.0,0.0
P10599,0.0,0.0,37040000.0,0.0,0.0,75115000.0,8457900.0,152670000.0,127310000.0,0.0,3578900.0,16526000.0,0.0,7520800.0,0.0,0.0,0.0,0.0,0.0,0.0,2630100.0,0.0,20839000.0,0.0
P10809,0.0,0.0,0.0,0.0,0.0,0.0,0.0,0.0,0.0,0.0,0.0,0.0,0.0,0.0,0.0,0.0,0.0,0.0,0.0,0.0,0.0,0.0,963120.0,0.0
P10909,0.0,0.0,0.0,0.0,0.0,5265300.0,0.0,0.0,0.0,0.0,0.0,0.0,0.0,0.0,0.0,0.0,32230000.0,0.0,0.0,6564700.0,0.0,0.0,0.0,0.0
P11021,0.0,0.0,0.0,0.0,0.0,0.0,0.0,1811900.0,5529200.0,0.0,0.0,0.0,1788300.0,3118000.0,0.0,0.0,8718300.0,836840.0,0.0,1462100.0,0.0,5557000.0,13933000.0,0.0
P11142,0.0,7162000.0,3333300.0,0.0,0.0,30052000.0,822390.0,41421000.0,31991000.0,0.0,0.0,2591000.0,5966400.0,4719900.0,6120100.0,0.0,18553000.0,1860300.0,0.0,16296000.0,553970.0,14459000.0,45554000.0,0.0
P11215,0.0,0.0,0.0,0.0,0.0,0.0,0.0,0.0,0.0,0.0,0.0,0.0,0.0,0.0,0.0,0.0,0.0,0.0,0.0,1043800.0,0.0,0.0,0.0,0.0
P11279,0.0,0.0,0.0,0.0,0.0,0.0,0.0,0.0,0.0,0.0,0.0,0.0,0.0,0.0,0.0,0.0,2553600.0,4208200.0,450560.0,0.0,0.0,0.0,0.0,0.0
P11413,0.0,0.0,0.0,0.0,0.0,0.0,0.0,1805900.0,0.0,0.0,0.0,0.0,0.0,0.0,0.0,0.0,0.0,0.0,0.0,1054400.0,0.0,0.0,0.0,0.0
P11678,0.0,17146000.0,0.0,0.0,0.0,0.0,0.0,0.0,0.0,0.0,0.0,0.0,0.0,0.0,0.0,0.0,0.0,0.0,0.0,0.0,0.0,0.0,0.0,0.0
P11684,0.0,5041100.0,0.0,0.0,0.0,11800000.0,0.0,24635000.0,0.0,0.0,0.0,7306200.0,0.0,0.0,0.0,0.0,0.0,9899600.0,0.0,239430000.0,0.0,18930000.0,12043000.0,0.0
P12273,0.0,0.0,0.0,0.0,0.0,11762000.0,5896600.0,5925800.0,15516000.0,0.0,0.0,4006200.0,0.0,0.0,3593100.0,0.0,39143000.0,0.0,0.0,7546000.0,0.0,6454400.0,3453800.0,0.0
P12429,0.0,0.0,0.0,0.0,0.0,0.0,0.0,0.0,0.0,0.0,0.0,0.0,0.0,0.0,0.0,0.0,0.0,0.0,0.0,28220000.0,0.0,0.0,8376300.0,0.0
P12532,0.0,0.0,0.0,0.0,0.0,0.0,0.0,0.0,0.0,0.0,0.0,0.0,0.0,0.0,0.0,0.0,0.0,0.0,0.0,0.0,0.0,0.0,69643000.0,0.0
P12724,0.0,107610000.0,0.0,0.0,0.0,0.0,0.0,0.0,0.0,0.0,0.0,3673900.0,0.0,0.0,0.0,0.0,0.0,6582400.0,4187300.0,11252000.0,0.0,0.0,0.0,0.0
P12814,0.0,0.0,0.0,0.0,0.0,0.0,0.0,0.0,0.0,0.0,0.0,0.0,0.0,0.0,0.0,0.0,0.0,0.0,0.0,0.0,0.0,0.0,0.0,0.0
P12830,0.0,0.0,0.0,0.0,0.0,0.0,0.0,0.0,1564900.0,0.0,0.0,0.0,0.0,0.0,0.0,0.0,1921300.0,1376800.0,0.0,0.0,0.0,0.0,0.0,0.0
P12955,0.0,0.0,0.0,0.0,0.0,0.0,0.0,0.0,0.0,0.0,0.0,0.0,0.0,0.0,0.0,0.0,0.0,0.0,0.0,0.0,0.0,0.0,0.0,0.0
P12956,0.0,0.0,0.0,0.0,0.0,1601600.0,0.0,4823000.0,0.0,0.0,0.0,0.0,0.0,0.0,0.0,0.0,0.0,0.0,0.0,0.0,0.0,0.0,0.0,0.0
P13073,0.0,0.0,0.0,0.0,0.0,0.0,0.0,0.0,0.0,0.0,0.0,0.0,0.0,0.0,2022900.0,0.0,5959600.0,0.0,0.0,0.0,0.0,1844900.0,3482600.0,0.0
P13489,0.0,0.0,0.0,0.0,0.0,4459000.0,0.0,4672000.0,5052700.0,0.0,0.0,0.0,0.0,0.0,1153500.0,0.0,0.0,1125200.0,0.0,0.0,0.0,0.0,0.0,0.0
P13639,0.0,365520.0,432400.0,0.0,0.0,10463000.0,0.0,15104000.0,1564200.0,0.0,0.0,0.0,1572300.0,0.0,4384800.0,0.0,2348200.0,580140.0,0.0,1552400.0,0.0,3175400.0,11415000.0,0.0
P13667,0.0,0.0,0.0,0.0,0.0,0.0,0.0,0.0,0.0,0.0,0.0,0.0,0.0,0.0,0.0,0.0,0.0,0.0,0.0,0.0,0.0,0.0,650810.0,0.0
Q56UQ5,0.0,0.0,0.0,0.0,0.0,0.0,0.0,0.0,0.0,0.0,0.0,0.0,0.0,0.0,0.0,0.0,0.0,0.0,0.0,0.0,0.0,0.0,0.0,0.0
P13796,0.0,14291000.0,4289400.0,0.0,0.0,5449400.0,1053800.0,15811000.0,2331600.0,0.0,0.0,2212500.0,944840.0,0.0,891710.0,0.0,2011300.0,4111500.0,0.0,23595000.0,0.0,1839200.0,5073400.0,0.0
P13797,0.0,0.0,0.0,0.0,0.0,0.0,0.0,0.0,0.0,0.0,0.0,0.0,0.0,0.0,0.0,0.0,0.0,1139700.0,0.0,0.0,0.0,0.0,2571300.0,0.0
P14174,0.0,0.0,0.0,0.0,0.0,4907400.0,0.0,0.0,0.0,0.0,0.0,0.0,0.0,0.0,0.0,0.0,0.0,0.0,0.0,0.0,0.0,0.0,0.0,0.0
P14222,0.0,14772000.0,0.0,0.0,0.0,0.0,54389000.0,21326000.0,6925700.0,19454000.0,0.0,40616000.0,0.0,0.0,0.0,0.0,0.0,33856000.0,0.0,0.0,0.0,0.0,0.0,0.0
P14314,0.0,0.0,0.0,0.0,0.0,0.0,0.0,0.0,0.0,0.0,0.0,0.0,0.0,0.0,0.0,0.0,0.0,0.0,0.0,0.0,0.0,0.0,357750.0,0.0
P14406,0.0,0.0,0.0,0.0,0.0,0.0,0.0,0.0,0.0,0.0,0.0,0.0,0.0,0.0,0.0,0.0,0.0,0.0,0.0,0.0,0.0,0.0,0.0,0.0
P14550,0.0,0.0,2238600.0,0.0,0.0,2843200.0,0.0,10813000.0,0.0,0.0,0.0,0.0,0.0,0.0,0.0,0.0,1999200.0,0.0,0.0,0.0,0.0,1354900.0,3069100.0,0.0
P14618,0.0,12136000.0,6833500.0,0.0,0.0,74552000.0,2379200.0,62886000.0,31774000.0,0.0,0.0,3046100.0,8857300.0,3197700.0,3793000.0,0.0,17676000.0,1799300.0,0.0,8402400.0,1428900.0,8527700.0,23719000.0,0.0
P14625,0.0,0.0,0.0,0.0,0.0,0.0,0.0,945020.0,0.0,0.0,0.0,0.0,0.0,440530.0,740650.0,0.0,6625700.0,1843600.0,0.0,2286400.0,0.0,810210.0,5599700.0,0.0
P63162,0.0,0.0,0.0,0.0,0.0,0.0,0.0,7426900.0,1371400.0,0.0,0.0,0.0,0.0,0.0,0.0,0.0,0.0,0.0,0.0,0.0,0.0,0.0,0.0,0.0
P14780,0.0,5020000.0,9440600.0,0.0,0.0,553530.0,0.0,0.0,0.0,0.0,0.0,7310700.0,0.0,0.0,0.0,0.0,0.0,1069200.0,0.0,4306600.0,0.0,383940.0,703830.0,0.0
P14923,0.0,0.0,0.0,0.0,0.0,0.0,0.0,0.0,0.0,0.0,0.0,0.0,51509000.0,0.0,15643000.0,0.0,7049200.0,504490.0,0.0,598470.0,0.0,3493900.0,3438400.0,0.0
P15104,0.0,0.0,0.0,0.0,0.0,3206500.0,0.0,6149500.0,0.0,0.0,0.0,0.0,0.0,0.0,2040800.0,0.0,0.0,0.0,0.0,0.0,0.0,0.0,0.0,0.0
P63000,0.0,0.0,4642900.0,0.0,0.0,0.0,0.0,0.0,0.0,0.0,0.0,0.0,0.0,0.0,0.0,0.0,0.0,0.0,3512200.0,0.0,0.0,0.0,0.0,0.0
P15309,0.0,0.0,0.0,0.0,0.0,0.0,0.0,0.0,0.0,0.0,0.0,0.0,0.0,0.0,0.0,0.0,91826000.0,0.0,0.0,0.0,0.0,0.0,0.0,0.0
P15311,0.0,1194700.0,1456200.0,0.0,0.0,12244000.0,456450.0,19101000.0,7365200.0,0.0,0.0,1753200.0,3924900.0,3399300.0,2784900.0,0.0,8671900.0,4622500.0,0.0,14865000.0,1289500.0,8549700.0,23140000.0,0.0
P15515,0.0,0.0,0.0,0.0,0.0,0.0,0.0,0.0,0.0,0.0,0.0,0.0,0.0,0.0,9145600.0,0.0,0.0,0.0,0.0,0.0,0.0,0.0,8365600.0,0.0
P15531,0.0,0.0,0.0,0.0,0.0,25102000.0,0.0,32126000.0,2642600.0,0.0,0.0,0.0,0.0,0.0,0.0,0.0,3990400.0,0.0,0.0,7752100.0,0.0,5983600.0,17268000.0,0.0
P15559,0.0,0.0,0.0,0.0,0.0,0.0,0.0,13478000.0,0.0,0.0,0.0,0.0,0.0,0.0,0.0,0.0,0.0,0.0,0.0,0.0,0.0,0.0,0.0,0.0
P15880,0.0,0.0,0.0,0.0,0.0,0.0,0.0,0.0,0.0,0.0,0.0,0.0,1387300.0,0.0,2419600.0,0.0,0.0,0.0,0.0,0.0,0.0,0.0,0.0,0.0
P15924,0.0,0.0,0.0,0.0,0.0,0.0,0.0,0.0,0.0,0.0,0.0,0.0,32569000.0,0.0,14076000.0,0.0,2316400.0,1461200.0,295950.0,0.0,94435.0,383160.0,1348200.0,0.0
P15941,0.0,0.0,0.0,0.0,0.0,0.0,0.0,0.0,0.0,0.0,0.0,0.0,0.0,1767600.0,0.0,0.0,2579000.0,4332800.0,0.0,0.0,0.0,0.0,0.0,0.0
P16050,0.0,3437500.0,0.0,0.0,0.0,16023000.0,0.0,12336000.0,613120.0,0.0,0.0,0.0,0.0,0.0,0.0,0.0,0.0,0.0,0.0,0.0,0.0,0.0,0.0,0.0
P16070,0.0,2694900.0,0.0,0.0,0.0,2462100.0,1476800.0,5706900.0,4495600.0,0.0,0.0,0.0,0.0,0.0,0.0,0.0,0.0,0.0,0.0,0.0,0.0,0.0,0.0,0.0
P16401,0.0,0.0,3028900.0,0.0,0.0,5455100.0,0.0,62976000.0,29697000.0,0.0,1338500.0,4221500.0,0.0,0.0,0.0,0.0,0.0,0.0,0.0,11407000.0,0.0,0.0,0.0,0.0
P16403,0.0,0.0,0.0,0.0,0.0,26237000.0,0.0,8502200.0,47995000.0,0.0,0.0,0.0,0.0,0.0,0.0,0.0,0.0,0.0,0.0,0.0,0.0,0.0,0.0,0.0
P16870,0.0,0.0,0.0,0.0,0.0,0.0,0.0,0.0,0.0,0.0,0.0,0.0,0.0,0.0,0.0,0.0,5669600.0,0.0,0.0,0.0,0.0,0.0,0.0,0.0
P16949,0.0,0.0,0.0,0.0,0.0,0.0,0.0,4136900.0,3618500.0,0.0,0.0,0.0,0.0,0.0,0.0,0.0,0.0,0.0,0.0,0.0,0.0,0.0,0.0,0.0
P17066,0.0,3970300.0,3006400.0,0.0,0.0,8242500.0,1719200.0,15881000.0,10132000.0,0.0,0.0,2673000.0,0.0,1326700.0,1687600.0,0.0,4784300.0,0.0,0.0,6371300.0,0.0,4864500.0,10586000.0,0.0
P17213,0.0,0.0,0.0,0.0,0.0,0.0,0.0,0.0,0.0,0.0,0.0,0.0,0.0,0.0,0.0,0.0,0.0,4901700.0,0.0,4222200.0,0.0,0.0,0.0,0.0
P17931,0.0,0.0,0.0,0.0,0.0,16137000.0,0.0,40018000.0,10861000.0,0.0,0.0,0.0,5141000.0,3261400.0,0.0,0.0,0.0,3210700.0,0.0,0.0,0.0,5745000.0,33788000.0,0.0
P17987,0.0,0.0,0.0,0.0,0.0,0.0,0.0,1448700.0,0.0,0.0,0.0,0.0,0.0,0.0,0.0,0.0,621400.0,0.0,0.0,0.0,0.0,0.0,1726400.0,0.0
P18085,0.0,0.0,0.0,0.0,0.0,4479800.0,0.0,4772400.0,0.0,0.0,0.0,0.0,0.0,0.0,0.0,0.0,0.0,2421400.0,0.0,0.0,0.0,0.0,0.0,0.0
P18124,0.0,0.0,0.0,0.0,0.0,0.0,0.0,0.0,0.0,0.0,0.0,0.0,1333300.0,0.0,1558000.0,0.0,2236200.0,0.0,0.0,0.0,0.0,0.0,2714400.0,0.0
P18206,0.0,0.0,0.0,0.0,0.0,214770.0,0.0,266750.0,180390.0,0.0,0.0,0.0,0.0,0.0,0.0,0.0,0.0,0.0,0.0,0.0,0.0,0.0,0.0,0.0
P18510,0.0,0.0,0.0,0.0,0.0,0.0,0.0,0.0,0.0,0.0,0.0,0.0,3942600.0,5604100.0,7595900.0,0.0,20945000.0,0.0,0.0,0.0,0.0,13249000.0,16880000.0,0.0
P18669,0.0,4301800.0,0.0,0.0,0.0,8253900.0,0.0,10207000.0,0.0,0.0,0.0,0.0,0.0,0.0,2411700.0,0.0,0.0,15629000.0,0.0,3612800.0,291720.0,6550400.0,9356300.0,0.0
P18827,0.0,0.0,0.0,0.0,0.0,0.0,0.0,0.0,0.0,0.0,0.0,0.0,0.0,2802700.0,0.0,0.0,0.0,0.0,0.0,0.0,0.0,0.0,0.0,0.0
P19338,0.0,0.0,0.0,0.0,0.0,0.0,0.0,4044100.0,0.0,0.0,0.0,0.0,0.0,0.0,0.0,0.0,0.0,0.0,0.0,0.0,0.0,0.0,1512600.0,0.0
P19388,0.0,0.0,0.0,0.0,0.0,0.0,0.0,0.0,0.0,0.0,0.0,0.0,0.0,0.0,0.0,0.0,0.0,0.0,0.0,0.0,0.0,0.0,0.0,0.0
P19652,0.0,8167200.0,2015500.0,0.0,0.0,10066000.0,4428100.0,7578000.0,2447900.0,457660.0,0.0,1400000.0,0.0,0.0,0.0,0.0,0.0,1091400.0,0.0,11417000.0,0.0,0.0,0.0,0.0
P19823,0.0,2007700.0,786270.0,0.0,0.0,3082700.0,3569700.0,501980.0,546680.0,0.0,0.0,300120.0,0.0,0.0,0.0,0.0,0.0,0.0,248800.0,768520.0,0.0,0.0,538360.0,0.0
P19827,0.0,0.0,0.0,0.0,0.0,702240.0,511950.0,0.0,0.0,0.0,0.0,0.0,0.0,0.0,0.0,0.0,0.0,0.0,0.0,686530.0,0.0,0.0,0.0,0.0
P19835,0.0,0.0,0.0,0.0,0.0,0.0,0.0,0.0,0.0,0.0,0.0,0.0,0.0,10118000.0,0.0,0.0,0.0,0.0,0.0,0.0,0.0,0.0,0.0,0.0
P19957,0.0,0.0,0.0,0.0,0.0,0.0,0.0,0.0,0.0,0.0,3238000.0,22384000.0,0.0,0.0,0.0,0.0,0.0,0.0,0.0,0.0,0.0,0.0,0.0,0.0
P19971,0.0,0.0,0.0,0.0,0.0,0.0,0.0,0.0,2622400.0,0.0,0.0,0.0,0.0,0.0,0.0,0.0,0.0,0.0,0.0,0.0,0.0,0.0,0.0,0.0
P20061,0.0,9955200.0,0.0,0.0,0.0,33423000.0,18769000.0,6770400.0,5384700.0,0.0,0.0,15661000.0,0.0,0.0,0.0,0.0,0.0,0.0,0.0,0.0,0.0,0.0,0.0,0.0
P20142,0.0,0.0,0.0,0.0,0.0,0.0,0.0,0.0,0.0,0.0,0.0,0.0,0.0,0.0,0.0,0.0,0.0,0.0,0.0,0.0,0.0,0.0,0.0,0.0
P20160,0.0,38294000.0,85885000.0,0.0,0.0,0.0,7818800.0,45558000.0,35278000.0,3406500.0,0.0,44559000.0,0.0,0.0,0.0,0.0,0.0,8544700.0,2361000.0,19367000.0,0.0,0.0,4217400.0,0.0
P20591,0.0,0.0,0.0,0.0,0.0,0.0,0.0,1862400.0,432050.0,0.0,0.0,0.0,0.0,0.0,321710.0,0.0,0.0,0.0,0.0,0.0,0.0,0.0,0.0,0.0
P20700,0.0,663960.0,0.0,0.0,0.0,0.0,0.0,0.0,0.0,0.0,0.0,0.0,0.0,0.0,0.0,0.0,0.0,0.0,0.0,0.0,0.0,0.0,0.0,0.0
P20810,0.0,0.0,0.0,0.0,0.0,450680.0,0.0,2016800.0,1832000.0,0.0,0.0,0.0,0.0,1381200.0,0.0,0.0,0.0,0.0,0.0,0.0,0.0,0.0,599310.0,0.0
P21333,0.0,0.0,23070.0,0.0,0.0,0.0,0.0,0.0,0.0,0.0,0.0,0.0,0.0,0.0,0.0,0.0,0.0,0.0,0.0,0.0,0.0,0.0,38482.0,0.0
P21926,0.0,0.0,0.0,0.0,0.0,0.0,0.0,0.0,0.0,0.0,0.0,0.0,9365200.0,3921000.0,4298000.0,0.0,11378000.0,30471000.0,9522800.0,0.0,4368300.0,3907900.0,7095400.0,0.0
P22079,0.0,498210.0,611600.0,0.0,0.0,1077100.0,0.0,460710.0,384600.0,0.0,0.0,1453800.0,684460.0,0.0,876970.0,0.0,2321400.0,0.0,0.0,3853500.0,0.0,10242000.0,5620900.0,0.0
P22314,0.0,0.0,0.0,0.0,0.0,0.0,0.0,1895900.0,0.0,0.0,0.0,0.0,0.0,0.0,370270.0,0.0,0.0,0.0,0.0,0.0,0.0,0.0,345230.0,0.0
P22528,0.0,0.0,0.0,0.0,0.0,0.0,0.0,0.0,0.0,0.0,0.0,0.0,5985600.0,0.0,0.0,0.0,0.0,0.0,0.0,0.0,0.0,0.0,0.0,0.0
P22531,0.0,0.0,0.0,0.0,0.0,0.0,0.0,0.0,0.0,0.0,0.0,0.0,71584000.0,0.0,0.0,0.0,0.0,0.0,0.0,0.0,0.0,0.0,0.0,0.0
P22532,0.0,0.0,0.0,0.0,0.0,0.0,0.0,0.0,0.0,0.0,0.0,0.0,0.0,0.0,0.0,0.0,0.0,0.0,0.0,0.0,0.0,0.0,0.0,0.0
P22626,0.0,0.0,1857900.0,0.0,0.0,22033000.0,0.0,57972000.0,58842000.0,0.0,0.0,0.0,0.0,0.0,0.0,0.0,0.0,0.0,0.0,0.0,0.0,0.0,13020000.0,0.0
P22735,0.0,0.0,0.0,0.0,0.0,0.0,0.0,0.0,0.0,0.0,0.0,0.0,2277400.0,0.0,5272800.0,0.0,2906000.0,1676500.0,0.0,0.0,609120.0,0.0,1344000.0,0.0
P22894,0.0,0.0,2171800.0,0.0,0.0,0.0,0.0,0.0,0.0,0.0,0.0,0.0,0.0,0.0,0.0,0.0,0.0,0.0,0.0,0.0,0.0,0.0,0.0,0.0
P23246,0.0,0.0,0.0,0.0,0.0,2471500.0,0.0,2654100.0,1773500.0,0.0,0.0,0.0,0.0,0.0,0.0,0.0,0.0,0.0,0.0,0.0,0.0,0.0,1184200.0,0.0
P23280,0.0,0.0,0.0,0.0,0.0,0.0,0.0,0.0,0.0,0.0,0.0,0.0,2881800.0,0.0,1881000.0,0.0,12998000.0,0.0,0.0,0.0,0.0,36194000.0,10567000.0,5795300.0
P23284,0.0,0.0,0.0,0.0,0.0,0.0,0.0,3488600.0,0.0,0.0,0.0,0.0,5130400.0,0.0,0.0,0.0,2629100.0,0.0,0.0,3162800.0,0.0,1910800.0,11324000.0,0.0
P23381,0.0,0.0,0.0,0.0,0.0,3798300.0,0.0,1530900.0,1028000.0,0.0,0.0,0.0,0.0,0.0,0.0,0.0,0.0,0.0,0.0,623380.0,0.0,0.0,0.0,0.0
P23528,0.0,2031200.0,12644000.0,0.0,0.0,92360000.0,4554200.0,107110000.0,123460000.0,0.0,0.0,4354100.0,2311300.0,2890600.0,0.0,0.0,10430000.0,1485500.0,0.0,8417200.0,0.0,6081000.0,7149500.0,0.0
P24158,0.0,54381000.0,7009100.0,0.0,0.0,8984200.0,6674300.0,56136000.0,6216900.0,0.0,0.0,6659600.0,0.0,0.0,0.0,0.0,0.0,27419000.0,5786900.0,68907000.0,0.0,3361300.0,5925200.0,0.0
P24534,0.0,0.0,0.0,0.0,0.0,0.0,0.0,0.0,0.0,0.0,0.0,0.0,0.0,0.0,0.0,0.0,0.0,0.0,0.0,0.0,0.0,0.0,0.0,0.0
P25311,0.0,25608000.0,14299000.0,0.0,0.0,128340000.0,70913000.0,56703000.0,97546000.0,2554000.0,0.0,74961000.0,0.0,4049300.0,10226000.0,0.0,12142000.0,2291600.0,0.0,15281000.0,0.0,24649000.0,13169000.0,0.0
P25398,0.0,0.0,0.0,0.0,0.0,0.0,0.0,11247000.0,34221000.0,0.0,0.0,0.0,0.0,0.0,0.0,0.0,0.0,0.0,0.0,0.0,0.0,2862000.0,0.0,0.0
P25705,0.0,0.0,0.0,0.0,0.0,0.0,0.0,0.0,3801800.0,0.0,0.0,0.0,3086600.0,0.0,688480.0,0.0,3442100.0,0.0,0.0,0.0,0.0,0.0,1322700.0,0.0
P25774,0.0,0.0,0.0,0.0,0.0,0.0,0.0,2869900.0,2575300.0,0.0,0.0,0.0,0.0,0.0,0.0,0.0,0.0,0.0,0.0,0.0,0.0,0.0,0.0,0.0
P25786,0.0,0.0,0.0,0.0,0.0,2234400.0,0.0,0.0,0.0,0.0,0.0,0.0,0.0,0.0,0.0,0.0,2081300.0,0.0,0.0,0.0,0.0,0.0,2878800.0,0.0
P25788,0.0,0.0,0.0,0.0,0.0,0.0,0.0,0.0,0.0,0.0,0.0,0.0,0.0,0.0,0.0,0.0,0.0,0.0,0.0,0.0,0.0,0.0,0.0,0.0
P25815,0.0,0.0,0.0,0.0,0.0,0.0,0.0,82723000.0,5910500.0,0.0,0.0,0.0,0.0,0.0,0.0,0.0,0.0,0.0,0.0,0.0,0.0,0.0,0.0,0.0
P26038,0.0,0.0,3184200.0,573300.0,0.0,0.0,0.0,10573000.0,0.0,668870.0,0.0,0.0,0.0,0.0,0.0,0.0,0.0,0.0,0.0,1046700.0,0.0,0.0,0.0,0.0
P26447,0.0,0.0,12154000.0,0.0,0.0,19738000.0,0.0,25560000.0,49856000.0,4456000.0,2756800.0,8360700.0,0.0,0.0,0.0,0.0,0.0,0.0,0.0,0.0,0.0,0.0,0.0,0.0
P26583,0.0,13403000.0,5631600.0,0.0,0.0,0.0,0.0,4613900.0,0.0,0.0,0.0,4375800.0,0.0,0.0,0.0,0.0,0.0,0.0,0.0,19633000.0,0.0,0.0,3804800.0,0.0
P26599,0.0,0.0,0.0,0.0,0.0,4723700.0,0.0,4163100.0,3204400.0,0.0,0.0,0.0,0.0,0.0,0.0,0.0,0.0,0.0,0.0,0.0,0.0,0.0,0.0,0.0
P26641,0.0,0.0,1246800.0,0.0,0.0,1550700.0,0.0,7436700.0,998940.0,0.0,0.0,0.0,1248500.0,0.0,1355700.0,0.0,2186400.0,9894300.0,779690.0,1810300.0,621950.0,1165200.0,5175200.0,0.0
P27105,0.0,0.0,0.0,0.0,0.0,0.0,0.0,0.0,0.0,0.0,0.0,0.0,0.0,0.0,0.0,0.0,0.0,4294700.0,6224500.0,0.0,0.0,0.0,0.0,0.0
P27348,0.0,0.0,0.0,0.0,0.0,4531700.0,0.0,15396000.0,8453600.0,0.0,0.0,0.0,4467200.0,0.0,2579100.0,0.0,5124400.0,0.0,0.0,0.0,0.0,1600200.0,6353000.0,0.0
P27482,0.0,0.0,0.0,0.0,0.0,0.0,0.0,0.0,2670400.0,0.0,0.0,0.0,3489700.0,21075000.0,6142500.0,0.0,17371000.0,9372200.0,3316100.0,0.0,28040000.0,6578900.0,18699000.0,0.0
Q96L21,0.0,0.0,0.0,0.0,0.0,0.0,0.0,0.0,0.0,0.0,0.0,0.0,0.0,0.0,2514000.0,0.0,0.0,0.0,0.0,0.0,0.0,0.0,2593300.0,0.0
P27695,0.0,0.0,0.0,0.0,0.0,0.0,0.0,2091300.0,0.0,0.0,0.0,0.0,0.0,0.0,0.0,0.0,0.0,0.0,0.0,0.0,0.0,0.0,0.0,0.0
P27797,0.0,2782800.0,1983500.0,0.0,0.0,0.0,0.0,3713800.0,1856200.0,0.0,0.0,0.0,1935900.0,2065000.0,2867200.0,0.0,6254800.0,7435500.0,0.0,4436000.0,0.0,7521800.0,17805000.0,0.0
P27824,0.0,0.0,0.0,0.0,0.0,0.0,0.0,0.0,0.0,0.0,0.0,0.0,0.0,0.0,0.0,0.0,0.0,221120.0,0.0,0.0,0.0,0.0,0.0,0.0
P28062,0.0,0.0,0.0,0.0,0.0,2159300.0,0.0,2761700.0,0.0,0.0,0.0,0.0,0.0,0.0,0.0,0.0,0.0,0.0,0.0,0.0,0.0,0.0,0.0,0.0
P28066,0.0,0.0,0.0,0.0,0.0,0.0,0.0,4256600.0,0.0,0.0,0.0,0.0,0.0,0.0,0.0,0.0,0.0,0.0,0.0,0.0,0.0,0.0,0.0,0.0
P28325,0.0,0.0,0.0,0.0,0.0,0.0,0.0,0.0,0.0,0.0,0.0,0.0,0.0,0.0,0.0,0.0,0.0,0.0,0.0,12207000.0,0.0,10049000.0,0.0,0.0
P28799,0.0,0.0,0.0,0.0,0.0,888780.0,0.0,0.0,1189800.0,0.0,0.0,0.0,0.0,0.0,0.0,0.0,0.0,0.0,0.0,0.0,0.0,0.0,0.0,0.0
P28838,0.0,0.0,0.0,0.0,0.0,594370.0,0.0,2206500.0,0.0,0.0,0.0,0.0,0.0,0.0,0.0,0.0,0.0,0.0,0.0,0.0,0.0,0.0,0.0,0.0
P29034,0.0,10402000.0,0.0,0.0,0.0,0.0,0.0,57305000.0,22021000.0,0.0,0.0,0.0,0.0,0.0,0.0,0.0,0.0,0.0,0.0,0.0,0.0,0.0,0.0,0.0
P29401,0.0,30990000.0,9182800.0,0.0,0.0,12284000.0,794110.0,37270000.0,4066400.0,0.0,0.0,9292600.0,0.0,0.0,499280.0,0.0,1010400.0,22512000.0,309240.0,34225000.0,0.0,4177500.0,12717000.0,0.0
P29508,0.0,13367000.0,27344000.0,0.0,0.0,52581000.0,4446600.0,150300000.0,89623000.0,2531200.0,1956400.0,2184900.0,1906500.0,0.0,2095700.0,0.0,575100.0,0.0,0.0,0.0,0.0,0.0,3841600.0,0.0
P29692,0.0,0.0,0.0,0.0,0.0,0.0,0.0,0.0,0.0,0.0,0.0,0.0,0.0,0.0,0.0,0.0,0.0,0.0,0.0,0.0,0.0,0.0,5731100.0,0.0
P29966,0.0,0.0,0.0,0.0,0.0,326870.0,0.0,2212000.0,1518800.0,0.0,0.0,0.0,0.0,0.0,0.0,0.0,0.0,0.0,0.0,0.0,0.0,0.0,1462600.0,0.0
P30040,0.0,0.0,0.0,0.0,0.0,0.0,0.0,0.0,1390000.0,0.0,0.0,0.0,0.0,0.0,0.0,0.0,0.0,0.0,0.0,0.0,0.0,0.0,1387500.0,0.0
P30041,0.0,0.0,0.0,0.0,0.0,0.0,0.0,14849000.0,2685100.0,0.0,0.0,0.0,16003000.0,2817700.0,3932500.0,0.0,6098200.0,5681500.0,0.0,0.0,0.0,8255700.0,13855000.0,0.0
P30043,0.0,0.0,0.0,0.0,0.0,0.0,0.0,0.0,0.0,0.0,0.0,0.0,0.0,0.0,0.0,0.0,0.0,0.0,0.0,0.0,0.0,0.0,0.0,0.0
P30044,0.0,0.0,0.0,0.0,0.0,4573400.0,0.0,25481000.0,20761000.0,0.0,0.0,0.0,0.0,0.0,0.0,0.0,16766000.0,0.0,0.0,1316000.0,0.0,10302000.0,22131000.0,0.0
P30046,0.0,0.0,0.0,0.0,0.0,1521400.0,0.0,8425200.0,0.0,0.0,0.0,0.0,0.0,0.0,0.0,0.0,0.0,0.0,0.0,0.0,0.0,0.0,0.0,0.0
P30048,0.0,0.0,0.0,0.0,0.0,0.0,0.0,0.0,0.0,0.0,0.0,0.0,0.0,0.0,0.0,0.0,0.0,1999600.0,0.0,0.0,0.0,0.0,2423900.0,0.0
P30050,0.0,0.0,0.0,0.0,0.0,0.0,0.0,2357000.0,0.0,0.0,0.0,0.0,0.0,0.0,0.0,0.0,0.0,0.0,0.0,0.0,0.0,0.0,0.0,0.0
P30085,0.0,0.0,0.0,0.0,0.0,3473500.0,0.0,16331000.0,14562000.0,0.0,0.0,0.0,0.0,0.0,0.0,0.0,0.0,0.0,0.0,0.0,0.0,0.0,1372500.0,0.0
P30086,0.0,0.0,2346600.0,0.0,0.0,9851500.0,0.0,22948000.0,20374000.0,0.0,0.0,0.0,0.0,0.0,0.0,0.0,0.0,0.0,0.0,0.0,0.0,3179500.0,0.0,0.0
P30101,0.0,0.0,0.0,0.0,0.0,4803700.0,0.0,13053000.0,12446000.0,0.0,0.0,0.0,2748100.0,0.0,0.0,0.0,3271800.0,1415700.0,0.0,7765100.0,0.0,3759100.0,14108000.0,0.0
P30153,0.0,0.0,0.0,0.0,0.0,0.0,0.0,0.0,0.0,0.0,0.0,0.0,0.0,0.0,0.0,0.0,0.0,0.0,0.0,0.0,0.0,0.0,0.0,0.0
P30740,0.0,10521000.0,6842900.0,0.0,0.0,9460600.0,3525400.0,21849000.0,5651100.0,0.0,0.0,7187600.0,4252900.0,8608600.0,12353000.0,0.0,41739000.0,36499000.0,7992200.0,26725000.0,8902100.0,45796000.0,120770000.0,0.0
P30838,0.0,0.0,8853300.0,0.0,0.0,57692000.0,0.0,52107000.0,21003000.0,0.0,0.0,0.0,0.0,0.0,0.0,0.0,0.0,0.0,0.0,0.0,0.0,0.0,2040900.0,0.0
P31025,0.0,0.0,0.0,2182800.0,0.0,0.0,2910700.0,0.0,5982400.0,0.0,0.0,0.0,0.0,0.0,0.0,0.0,0.0,0.0,0.0,0.0,0.0,0.0,0.0,0.0
P31146,0.0,14835000.0,9651400.0,1916900.0,0.0,3751000.0,2682200.0,19922000.0,4760500.0,2125600.0,0.0,5615600.0,0.0,0.0,0.0,0.0,0.0,1286300.0,140940.0,10458000.0,0.0,646250.0,5587600.0,0.0
P31151,0.0,1917600.0,0.0,2161900.0,0.0,4120500.0,8612200.0,3631900.0,2151000.0,0.0,0.0,0.0,0.0,0.0,0.0,0.0,0.0,0.0,0.0,0.0,0.0,0.0,0.0,0.0
P31941,0.0,0.0,0.0,0.0,0.0,0.0,0.0,0.0,0.0,0.0,0.0,0.0,0.0,0.0,0.0,0.0,0.0,0.0,0.0,0.0,0.0,0.0,3913300.0,0.0
P31943,0.0,0.0,0.0,0.0,0.0,0.0,0.0,8751400.0,0.0,0.0,0.0,0.0,1835600.0,0.0,962570.0,0.0,0.0,1034600.0,0.0,0.0,0.0,794300.0,4399100.0,0.0
P31944,0.0,0.0,0.0,0.0,0.0,0.0,0.0,0.0,0.0,0.0,0.0,0.0,3025500.0,0.0,0.0,0.0,0.0,0.0,0.0,0.0,0.0,0.0,0.0,0.0
P31946,0.0,0.0,0.0,0.0,0.0,10252000.0,0.0,9212200.0,6916800.0,0.0,0.0,0.0,0.0,0.0,0.0,0.0,1002000.0,0.0,0.0,4294800.0,0.0,0.0,3533700.0,0.0
P31947,0.0,0.0,0.0,0.0,0.0,18762000.0,0.0,12515000.0,14648000.0,0.0,0.0,0.0,31770000.0,5441300.0,16794000.0,0.0,44851000.0,23549000.0,1571000.0,4772300.0,3837900.0,25099000.0,44051000.0,0.0
P31948,0.0,0.0,0.0,0.0,0.0,1724700.0,0.0,4980800.0,3516300.0,0.0,0.0,0.0,0.0,0.0,0.0,0.0,0.0,0.0,0.0,0.0,0.0,0.0,0.0,0.0
P31949,0.0,0.0,0.0,0.0,0.0,11921000.0,0.0,18600000.0,0.0,0.0,0.0,0.0,14528000.0,0.0,10193000.0,0.0,11764000.0,12958000.0,0.0,10969000.0,3479100.0,8577400.0,0.0,0.0
P32119,0.0,0.0,2316500.0,0.0,0.0,10438000.0,0.0,24220000.0,19735000.0,0.0,0.0,0.0,2187800.0,877720.0,983510.0,0.0,7619400.0,0.0,0.0,3637100.0,0.0,1594200.0,4728500.0,0.0
P32456,0.0,0.0,0.0,0.0,0.0,0.0,0.0,660130.0,0.0,0.0,0.0,0.0,0.0,0.0,0.0,0.0,0.0,0.0,0.0,926880.0,0.0,0.0,0.0,0.0
P32926,0.0,0.0,0.0,0.0,0.0,0.0,0.0,0.0,0.0,0.0,0.0,0.0,625620.0,306910.0,1020100.0,0.0,2561900.0,0.0,0.0,0.0,0.0,3946700.0,2803600.0,0.0
P33241,0.0,3657700.0,2766300.0,0.0,0.0,0.0,0.0,2766100.0,0.0,0.0,0.0,0.0,0.0,0.0,0.0,0.0,0.0,0.0,0.0,0.0,0.0,0.0,1009300.0,0.0
P34932,0.0,0.0,0.0,0.0,0.0,383230.0,0.0,0.0,0.0,0.0,0.0,0.0,0.0,0.0,0.0,0.0,0.0,0.0,0.0,0.0,0.0,0.0,0.0,0.0
P35221,0.0,0.0,0.0,0.0,0.0,0.0,0.0,0.0,0.0,0.0,0.0,0.0,0.0,0.0,0.0,0.0,0.0,0.0,0.0,0.0,0.0,0.0,0.0,0.0
P35321,0.0,0.0,0.0,0.0,0.0,0.0,0.0,0.0,33672000.0,0.0,0.0,0.0,33186000.0,0.0,14454000.0,0.0,6315700.0,0.0,0.0,0.0,5412400.0,0.0,0.0,0.0
P35325,0.0,0.0,0.0,0.0,0.0,0.0,0.0,0.0,0.0,0.0,0.0,0.0,23264000.0,0.0,8351000.0,0.0,0.0,0.0,0.0,0.0,0.0,0.0,0.0,0.0
P35326,0.0,0.0,0.0,0.0,0.0,0.0,0.0,0.0,0.0,0.0,0.0,0.0,12252000.0,0.0,0.0,0.0,0.0,0.0,0.0,0.0,0.0,0.0,0.0,0.0
P35573,0.0,0.0,0.0,0.0,0.0,0.0,0.0,299340.0,0.0,0.0,0.0,0.0,0.0,0.0,0.0,0.0,0.0,0.0,0.0,0.0,0.0,0.0,0.0,0.0
P35579,0.0,1341500.0,299830.0,0.0,0.0,0.0,0.0,2253600.0,0.0,0.0,0.0,0.0,1072400.0,161550.0,673020.0,0.0,877650.0,3165900.0,257270.0,6122300.0,656230.0,933790.0,5612400.0,0.0
P36871,0.0,0.0,0.0,0.0,0.0,0.0,0.0,540290.0,0.0,0.0,0.0,0.0,0.0,0.0,0.0,0.0,0.0,0.0,0.0,0.0,0.0,0.0,0.0,0.0
P36873,0.0,0.0,0.0,0.0,0.0,0.0,0.0,0.0,0.0,0.0,0.0,0.0,0.0,0.0,0.0,0.0,0.0,0.0,0.0,0.0,0.0,0.0,0.0,0.0
P36952,0.0,0.0,0.0,0.0,0.0,3725700.0,0.0,7530600.0,7693300.0,0.0,0.0,0.0,3454700.0,0.0,1306900.0,0.0,5502700.0,1576600.0,0.0,0.0,0.0,1981200.0,5106600.0,0.0
P36955,0.0,0.0,0.0,0.0,0.0,0.0,0.0,0.0,0.0,0.0,0.0,0.0,0.0,0.0,0.0,0.0,0.0,0.0,0.0,984690.0,0.0,0.0,0.0,0.0
P37108,0.0,0.0,0.0,0.0,0.0,3679400.0,0.0,3737100.0,0.0,0.0,0.0,0.0,0.0,0.0,0.0,0.0,0.0,0.0,0.0,0.0,0.0,0.0,0.0,0.0
P37802,0.0,0.0,0.0,0.0,0.0,10965000.0,0.0,12245000.0,16427000.0,0.0,0.0,0.0,0.0,0.0,0.0,0.0,0.0,0.0,0.0,0.0,0.0,0.0,0.0,0.0
P37837,0.0,13400000.0,6071400.0,0.0,0.0,11987000.0,0.0,26836000.0,6849000.0,0.0,0.0,0.0,0.0,0.0,0.0,0.0,0.0,0.0,0.0,3143300.0,0.0,2292500.0,6399200.0,0.0
P38159,0.0,0.0,0.0,0.0,0.0,0.0,0.0,1951300.0,3391300.0,0.0,0.0,0.0,0.0,0.0,0.0,0.0,0.0,0.0,0.0,0.0,0.0,0.0,0.0,0.0
P38919,0.0,0.0,0.0,0.0,0.0,0.0,0.0,0.0,0.0,0.0,0.0,0.0,0.0,0.0,0.0,0.0,0.0,0.0,0.0,0.0,0.0,0.0,0.0,0.0
P39019,0.0,0.0,0.0,0.0,0.0,4969200.0,0.0,14701000.0,10288000.0,0.0,0.0,0.0,0.0,0.0,0.0,0.0,0.0,0.0,0.0,0.0,0.0,0.0,0.0,0.0
P40121,0.0,4861700.0,2234700.0,0.0,0.0,6903100.0,0.0,3256700.0,5586300.0,0.0,0.0,0.0,0.0,0.0,0.0,0.0,0.0,0.0,0.0,0.0,0.0,0.0,0.0,0.0
P40227,0.0,0.0,0.0,0.0,0.0,0.0,0.0,0.0,0.0,0.0,0.0,0.0,0.0,0.0,0.0,0.0,0.0,0.0,0.0,0.0,0.0,0.0,0.0,0.0
P40394,0.0,0.0,0.0,0.0,0.0,3866900.0,0.0,8101500.0,3822100.0,0.0,0.0,0.0,0.0,0.0,0.0,0.0,3452500.0,0.0,0.0,0.0,0.0,0.0,1153100.0,0.0
P40925,0.0,0.0,0.0,0.0,0.0,12624000.0,0.0,26400000.0,13364000.0,0.0,0.0,0.0,0.0,0.0,0.0,0.0,3629000.0,1430800.0,0.0,3160600.0,0.0,0.0,2845800.0,0.0
P40926,0.0,0.0,0.0,0.0,0.0,1834700.0,0.0,0.0,0.0,0.0,0.0,0.0,0.0,0.0,0.0,0.0,1288100.0,0.0,0.0,0.0,0.0,0.0,6600900.0,0.0
P41218,0.0,13782000.0,3041600.0,0.0,0.0,1256200.0,0.0,3229900.0,0.0,0.0,0.0,1369900.0,0.0,0.0,0.0,0.0,0.0,1186600.0,0.0,14926000.0,0.0,0.0,0.0,0.0
P42224,0.0,0.0,0.0,0.0,0.0,0.0,0.0,1650200.0,0.0,0.0,0.0,0.0,0.0,0.0,0.0,0.0,0.0,0.0,0.0,0.0,0.0,0.0,0.0,0.0
P43487,0.0,0.0,0.0,0.0,0.0,0.0,0.0,7671000.0,0.0,0.0,0.0,0.0,0.0,0.0,0.0,0.0,0.0,0.0,0.0,0.0,0.0,0.0,0.0,0.0
P43490,0.0,0.0,0.0,0.0,0.0,2624400.0,0.0,1758000.0,0.0,0.0,0.0,0.0,0.0,0.0,1821900.0,0.0,0.0,0.0,0.0,0.0,0.0,0.0,2787400.0,0.0
P43652,0.0,1500200.0,1233800.0,0.0,0.0,890580.0,797030.0,0.0,0.0,0.0,0.0,0.0,0.0,0.0,0.0,0.0,0.0,0.0,0.0,0.0,0.0,0.0,0.0,0.0
P45880,0.0,0.0,0.0,0.0,0.0,0.0,0.0,0.0,0.0,0.0,0.0,0.0,0.0,0.0,1949800.0,0.0,0.0,0.0,0.0,0.0,0.0,0.0,0.0,0.0
P45974,0.0,0.0,0.0,0.0,0.0,0.0,0.0,0.0,0.0,0.0,0.0,0.0,0.0,0.0,0.0,0.0,0.0,0.0,0.0,0.0,0.0,0.0,0.0,0.0
P46781,0.0,0.0,0.0,0.0,0.0,0.0,0.0,0.0,0.0,0.0,0.0,0.0,1858800.0,0.0,3187200.0,0.0,0.0,0.0,0.0,0.0,0.0,0.0,0.0,0.0
P46782,0.0,0.0,0.0,0.0,0.0,3845500.0,0.0,3664800.0,2691800.0,0.0,0.0,0.0,3225900.0,0.0,0.0,0.0,1790100.0,0.0,0.0,0.0,0.0,0.0,1275800.0,0.0
P46783,0.0,0.0,0.0,0.0,0.0,3431800.0,0.0,2898900.0,3140200.0,0.0,0.0,0.0,1285600.0,0.0,0.0,0.0,0.0,0.0,0.0,0.0,0.0,0.0,0.0,0.0
P46926,0.0,0.0,0.0,0.0,0.0,5184500.0,0.0,0.0,0.0,0.0,0.0,0.0,0.0,0.0,0.0,0.0,0.0,0.0,0.0,0.0,0.0,0.0,0.0,0.0
P46940,0.0,0.0,0.0,0.0,0.0,668140.0,0.0,1879700.0,123850.0,0.0,0.0,0.0,0.0,0.0,0.0,0.0,538910.0,321860.0,0.0,453640.0,0.0,575080.0,1311400.0,0.0
P47710,0.0,0.0,0.0,0.0,0.0,0.0,0.0,0.0,0.0,0.0,0.0,0.0,0.0,148800000.0,0.0,0.0,0.0,0.0,0.0,0.0,0.0,0.0,0.0,0.0
P47756,0.0,0.0,0.0,0.0,0.0,0.0,0.0,1707000.0,0.0,0.0,0.0,0.0,0.0,0.0,0.0,0.0,0.0,2353800.0,0.0,0.0,0.0,0.0,0.0,0.0
P47914,0.0,0.0,0.0,0.0,0.0,9516800.0,0.0,13215000.0,13189000.0,0.0,0.0,0.0,0.0,0.0,0.0,0.0,0.0,0.0,0.0,0.0,0.0,0.0,0.0,0.0
P47929,0.0,0.0,0.0,0.0,0.0,0.0,0.0,5670100.0,5297700.0,0.0,0.0,0.0,67034000.0,0.0,19221000.0,0.0,18283000.0,4510000.0,0.0,0.0,1398900.0,27302000.0,4513100.0,0.0
P47989,0.0,0.0,0.0,0.0,0.0,0.0,0.0,0.0,0.0,0.0,0.0,0.0,0.0,703800.0,0.0,0.0,0.0,0.0,0.0,0.0,0.0,0.0,0.0,0.0
P48444,0.0,0.0,0.0,0.0,0.0,787730.0,0.0,0.0,0.0,0.0,0.0,0.0,0.0,0.0,0.0,0.0,0.0,0.0,0.0,0.0,0.0,0.0,0.0,0.0
P48594,0.0,2557000.0,1779400.0,0.0,0.0,1580200.0,0.0,15421000.0,0.0,0.0,0.0,0.0,0.0,0.0,0.0,0.0,0.0,0.0,0.0,0.0,0.0,0.0,0.0,0.0
P49189,0.0,0.0,0.0,0.0,0.0,0.0,0.0,0.0,0.0,0.0,0.0,0.0,0.0,0.0,0.0,0.0,2244700.0,0.0,0.0,0.0,0.0,0.0,0.0,0.0
P49327,0.0,0.0,0.0,0.0,0.0,0.0,0.0,0.0,0.0,0.0,0.0,0.0,0.0,0.0,0.0,0.0,57979.0,0.0,0.0,0.0,0.0,0.0,71010.0,0.0
P49368,0.0,0.0,0.0,0.0,0.0,480460.0,0.0,1032600.0,0.0,0.0,0.0,0.0,0.0,0.0,0.0,0.0,1552400.0,0.0,0.0,0.0,0.0,421370.0,1380300.0,0.0
P49641,0.0,0.0,0.0,0.0,0.0,0.0,0.0,0.0,0.0,0.0,0.0,0.0,1459500.0,0.0,732210.0,0.0,0.0,1405700.0,0.0,0.0,0.0,0.0,0.0,0.0
P49773,0.0,0.0,0.0,0.0,0.0,0.0,0.0,6868800.0,6390900.0,0.0,0.0,0.0,0.0,0.0,0.0,0.0,0.0,0.0,0.0,0.0,0.0,0.0,0.0,0.0
P49788,0.0,0.0,0.0,0.0,0.0,0.0,0.0,0.0,0.0,0.0,0.0,0.0,0.0,0.0,0.0,0.0,0.0,0.0,0.0,0.0,0.0,0.0,0.0,0.0
P50395,0.0,0.0,0.0,0.0,0.0,2738700.0,0.0,0.0,0.0,0.0,0.0,0.0,0.0,0.0,0.0,0.0,0.0,0.0,0.0,686540.0,0.0,568350.0,1233700.0,0.0
P50552,0.0,5113000.0,2014700.0,0.0,0.0,0.0,0.0,6439000.0,0.0,0.0,0.0,1339100.0,0.0,0.0,0.0,0.0,0.0,0.0,0.0,0.0,0.0,0.0,0.0,0.0
P50990,0.0,0.0,0.0,0.0,0.0,666790.0,0.0,1369800.0,1079900.0,0.0,0.0,0.0,0.0,0.0,0.0,0.0,1743300.0,0.0,0.0,0.0,0.0,0.0,1156500.0,0.0
P50991,0.0,0.0,0.0,0.0,0.0,0.0,0.0,418610.0,0.0,0.0,0.0,0.0,0.0,0.0,0.0,0.0,0.0,0.0,0.0,0.0,0.0,0.0,400640.0,0.0
P50995,0.0,0.0,0.0,0.0,0.0,0.0,0.0,0.0,0.0,0.0,0.0,0.0,0.0,0.0,471880.0,0.0,3538300.0,717800.0,0.0,0.0,0.0,3677100.0,993350.0,0.0
P51178,0.0,0.0,0.0,0.0,0.0,0.0,0.0,0.0,3634700.0,0.0,0.0,0.0,0.0,0.0,0.0,0.0,0.0,0.0,0.0,0.0,0.0,0.0,0.0,0.0
P51884,0.0,1785600.0,0.0,0.0,0.0,0.0,0.0,0.0,0.0,0.0,0.0,0.0,0.0,0.0,0.0,0.0,0.0,0.0,0.0,0.0,0.0,0.0,0.0,0.0
P52209,0.0,1575300.0,0.0,0.0,0.0,8032600.0,0.0,20703000.0,0.0,0.0,0.0,0.0,1187000.0,1221100.0,1463400.0,0.0,8869600.0,8806500.0,0.0,12598000.0,1331600.0,7441600.0,19941000.0,0.0
P52272,0.0,0.0,0.0,0.0,0.0,1825700.0,0.0,2044200.0,2813300.0,0.0,0.0,0.0,0.0,0.0,0.0,0.0,0.0,0.0,0.0,0.0,0.0,0.0,0.0,0.0
P52565,0.0,0.0,0.0,0.0,0.0,8300800.0,0.0,40039000.0,18910000.0,0.0,0.0,0.0,0.0,0.0,0.0,0.0,8773700.0,8378400.0,0.0,5223400.0,0.0,4132200.0,8076300.0,0.0
P52566,0.0,4013200.0,3561900.0,0.0,0.0,0.0,0.0,17221000.0,0.0,0.0,0.0,11680000.0,0.0,0.0,0.0,0.0,0.0,0.0,0.0,11878000.0,0.0,0.0,3901700.0,0.0
P52895,0.0,0.0,0.0,0.0,0.0,23286000.0,0.0,46201000.0,5789700.0,0.0,0.0,0.0,0.0,0.0,0.0,0.0,0.0,0.0,0.0,0.0,0.0,0.0,0.0,0.0
P52907,0.0,0.0,0.0,0.0,0.0,0.0,0.0,6772200.0,0.0,0.0,0.0,0.0,1066000.0,0.0,0.0,0.0,0.0,0.0,0.0,0.0,0.0,3232400.0,0.0,0.0
P53634,0.0,0.0,0.0,0.0,0.0,9399400.0,0.0,1734600.0,3974000.0,0.0,0.0,0.0,0.0,0.0,0.0,0.0,0.0,0.0,0.0,0.0,0.0,1337000.0,0.0,0.0
P54107,0.0,0.0,0.0,0.0,0.0,0.0,0.0,0.0,0.0,0.0,0.0,0.0,0.0,0.0,0.0,0.0,57739000.0,0.0,0.0,0.0,0.0,0.0,0.0,0.0
P54727,0.0,0.0,0.0,0.0,0.0,40514000.0,0.0,3762000.0,24910000.0,0.0,0.0,0.0,0.0,0.0,0.0,0.0,0.0,0.0,0.0,0.0,0.0,0.0,0.0,0.0
P55058,0.0,8422800.0,1985200.0,0.0,0.0,2246600.0,0.0,0.0,0.0,0.0,0.0,0.0,0.0,0.0,0.0,0.0,0.0,0.0,0.0,0.0,0.0,580500.0,4842200.0,0.0
P55072,0.0,0.0,331760.0,0.0,0.0,1142300.0,0.0,2627500.0,2154600.0,0.0,0.0,0.0,370700.0,0.0,831960.0,0.0,1478200.0,0.0,0.0,377120.0,0.0,349170.0,3191400.0,0.0
P55327,0.0,0.0,0.0,0.0,0.0,0.0,0.0,6955000.0,4965200.0,0.0,0.0,0.0,0.0,0.0,0.0,0.0,0.0,0.0,0.0,0.0,0.0,0.0,0.0,0.0
P55786,0.0,0.0,0.0,0.0,0.0,0.0,0.0,0.0,0.0,0.0,0.0,0.0,0.0,0.0,0.0,0.0,0.0,0.0,0.0,0.0,0.0,0.0,0.0,0.0
Q6EEV6,0.0,0.0,11862000.0,0.0,0.0,43820000.0,0.0,65918000.0,68031000.0,0.0,0.0,0.0,0.0,0.0,0.0,0.0,0.0,0.0,0.0,0.0,0.0,0.0,0.0,0.0
P55957,0.0,0.0,0.0,0.0,0.0,0.0,0.0,537390.0,0.0,0.0,0.0,0.0,0.0,0.0,0.0,0.0,0.0,0.0,0.0,0.0,0.0,0.0,0.0,0.0
P56537,0.0,0.0,0.0,0.0,0.0,0.0,0.0,7722500.0,6980500.0,0.0,0.0,0.0,0.0,0.0,0.0,0.0,4628100.0,0.0,0.0,0.0,0.0,0.0,0.0,0.0
P59666,0.0,362230000.0,382050000.0,11467000.0,0.0,0.0,104370000.0,359420000.0,110260000.0,33877000.0,0.0,108690000.0,156400000.0,0.0,76945000.0,0.0,53576000.0,428610000.0,291060000.0,860290000.0,51750000.0,58196000.0,121740000.0,0.0
P59827,0.0,952410.0,0.0,0.0,0.0,0.0,8449500.0,0.0,2080300.0,0.0,0.0,5608800.0,0.0,0.0,0.0,0.0,0.0,0.0,0.0,654360.0,0.0,0.0,0.0,0.0
P59998,0.0,2681600.0,1557800.0,0.0,0.0,0.0,0.0,3718600.0,0.0,0.0,0.0,0.0,0.0,0.0,0.0,0.0,0.0,3104000.0,0.0,4952200.0,0.0,0.0,2460700.0,0.0
P60174,0.0,9693200.0,2202200.0,0.0,0.0,49352000.0,843970.0,67761000.0,61685000.0,0.0,0.0,0.0,2144100.0,0.0,0.0,0.0,6563600.0,0.0,0.0,1721700.0,0.0,1284300.0,15846000.0,0.0
P60660,0.0,0.0,2673300.0,0.0,0.0,4817500.0,0.0,20246000.0,31408000.0,0.0,0.0,0.0,0.0,6037300.0,0.0,0.0,0.0,0.0,0.0,3453300.0,7440300.0,0.0,0.0,0.0
P60709,0.0,0.0,0.0,0.0,0.0,0.0,0.0,0.0,0.0,0.0,0.0,0.0,0.0,0.0,0.0,0.0,0.0,0.0,0.0,0.0,0.0,0.0,0.0,0.0
P60842,0.0,0.0,0.0,0.0,0.0,0.0,0.0,3807300.0,0.0,0.0,0.0,0.0,1871000.0,0.0,0.0,0.0,0.0,0.0,0.0,0.0,0.0,0.0,1856000.0,0.0
P60866,0.0,0.0,0.0,0.0,0.0,13031000.0,0.0,9649000.0,0.0,0.0,0.0,0.0,0.0,0.0,0.0,0.0,0.0,0.0,0.0,0.0,0.0,0.0,0.0,0.0
P60900,0.0,0.0,0.0,0.0,0.0,0.0,0.0,0.0,0.0,0.0,0.0,0.0,0.0,0.0,0.0,0.0,0.0,0.0,0.0,0.0,0.0,0.0,4224300.0,0.0
P60903,0.0,0.0,0.0,0.0,0.0,0.0,0.0,0.0,0.0,0.0,0.0,0.0,0.0,0.0,0.0,0.0,0.0,0.0,0.0,0.0,0.0,0.0,0.0,0.0
P60953,0.0,3805400.0,0.0,0.0,0.0,3519100.0,0.0,4797800.0,0.0,0.0,0.0,0.0,2335800.0,0.0,0.0,0.0,0.0,7936100.0,0.0,9588100.0,0.0,4719000.0,3430800.0,0.0
P60981,0.0,0.0,0.0,0.0,0.0,0.0,0.0,0.0,0.0,0.0,0.0,0.0,0.0,0.0,0.0,0.0,0.0,0.0,0.0,0.0,0.0,0.0,0.0,0.0
P61019,0.0,0.0,0.0,0.0,0.0,0.0,0.0,0.0,0.0,0.0,0.0,0.0,0.0,0.0,0.0,0.0,0.0,0.0,0.0,0.0,0.0,0.0,0.0,0.0
P61026,0.0,0.0,0.0,0.0,0.0,0.0,0.0,752970.0,0.0,0.0,0.0,0.0,3907600.0,0.0,3423500.0,0.0,2278600.0,3194600.0,0.0,0.0,0.0,0.0,7412000.0,0.0
P61158,0.0,0.0,0.0,0.0,0.0,0.0,0.0,1203400.0,0.0,0.0,0.0,0.0,0.0,0.0,0.0,0.0,0.0,0.0,0.0,0.0,0.0,0.0,450060.0,0.0
P61247,0.0,0.0,0.0,0.0,0.0,0.0,0.0,2047000.0,0.0,0.0,0.0,0.0,1018000.0,0.0,0.0,0.0,0.0,1711000.0,0.0,0.0,0.0,676780.0,1634600.0,0.0
P61604,0.0,0.0,0.0,0.0,0.0,0.0,0.0,0.0,25298000.0,0.0,0.0,0.0,0.0,0.0,0.0,0.0,3640000.0,0.0,0.0,0.0,0.0,0.0,8940600.0,0.0
P61626,0.0,32290000.0,68507000.0,0.0,0.0,61529000.0,27268000.0,3143300.0,69324000.0,2664400.0,2714500.0,35725000.0,0.0,0.0,12022000.0,0.0,0.0,5199400.0,0.0,19210000.0,0.0,1595100.0,1762700.0,0.0
P61769,0.0,0.0,0.0,0.0,0.0,0.0,0.0,0.0,0.0,0.0,0.0,0.0,0.0,0.0,0.0,0.0,0.0,0.0,0.0,0.0,0.0,0.0,0.0,0.0
P61978,0.0,0.0,1466200.0,498830.0,0.0,10736000.0,0.0,18732000.0,16714000.0,0.0,0.0,1263400.0,2548300.0,0.0,0.0,0.0,0.0,0.0,0.0,1507200.0,0.0,0.0,1701000.0,0.0
P61981,0.0,0.0,0.0,0.0,0.0,2310500.0,0.0,5993400.0,4461800.0,0.0,0.0,0.0,0.0,1458800.0,0.0,0.0,0.0,0.0,0.0,0.0,0.0,0.0,4080400.0,0.0
P62241,0.0,0.0,0.0,0.0,0.0,0.0,0.0,0.0,0.0,0.0,0.0,0.0,0.0,0.0,2075100.0,0.0,0.0,0.0,0.0,0.0,0.0,0.0,0.0,0.0
P62258,0.0,1626200.0,0.0,0.0,0.0,5881600.0,0.0,17184000.0,10555000.0,0.0,0.0,0.0,3665900.0,3945800.0,1626300.0,0.0,13134000.0,0.0,0.0,0.0,0.0,8286400.0,15042000.0,0.0
P62269,0.0,0.0,0.0,0.0,0.0,0.0,0.0,0.0,0.0,0.0,0.0,0.0,0.0,0.0,2669200.0,0.0,0.0,0.0,0.0,0.0,0.0,0.0,1619100.0,0.0
P62314,0.0,0.0,0.0,0.0,0.0,0.0,0.0,15480000.0,2970900.0,0.0,0.0,0.0,0.0,0.0,0.0,0.0,0.0,0.0,0.0,0.0,0.0,0.0,0.0,0.0
P62316,0.0,0.0,0.0,0.0,0.0,0.0,0.0,13551000.0,9152900.0,0.0,0.0,0.0,0.0,0.0,0.0,0.0,0.0,0.0,0.0,0.0,0.0,0.0,0.0,0.0
P62328,0.0,23277000.0,235050000.0,50834000.0,0.0,317990000.0,55576000.0,656780000.0,335410000.0,53511000.0,10934000.0,198370000.0,0.0,0.0,0.0,0.0,0.0,0.0,0.0,81312000.0,0.0,0.0,0.0,0.0
P62424,0.0,0.0,0.0,0.0,0.0,0.0,0.0,0.0,0.0,0.0,0.0,0.0,0.0,0.0,0.0,0.0,0.0,0.0,0.0,0.0,0.0,0.0,0.0,0.0
P62495,0.0,0.0,0.0,0.0,0.0,901350.0,0.0,1164700.0,0.0,0.0,0.0,0.0,0.0,0.0,0.0,0.0,0.0,0.0,0.0,0.0,0.0,0.0,0.0,0.0
P62701,0.0,0.0,0.0,0.0,0.0,2502600.0,0.0,0.0,0.0,0.0,0.0,0.0,3478000.0,0.0,1512900.0,0.0,0.0,0.0,0.0,0.0,0.0,0.0,0.0,0.0
P67775,0.0,0.0,0.0,0.0,0.0,0.0,0.0,1473700.0,0.0,0.0,0.0,0.0,0.0,0.0,0.0,0.0,0.0,0.0,0.0,0.0,0.0,0.0,1402600.0,0.0
P62750,0.0,0.0,0.0,0.0,0.0,0.0,0.0,0.0,0.0,0.0,0.0,0.0,0.0,0.0,0.0,0.0,0.0,0.0,0.0,0.0,0.0,0.0,0.0,0.0
P62805,0.0,0.0,0.0,4960100.0,0.0,4210600.0,0.0,0.0,35532000.0,0.0,0.0,0.0,0.0,0.0,0.0,0.0,0.0,0.0,17960000.0,35690000.0,0.0,0.0,0.0,0.0
Q9H0U4,0.0,0.0,0.0,0.0,0.0,0.0,0.0,3248900.0,0.0,0.0,0.0,0.0,4891100.0,0.0,3488200.0,0.0,1455900.0,4497900.0,0.0,0.0,0.0,0.0,1404000.0,0.0
P62826,0.0,0.0,0.0,0.0,0.0,0.0,0.0,5217500.0,0.0,0.0,0.0,0.0,0.0,0.0,0.0,0.0,0.0,0.0,0.0,0.0,0.0,0.0,0.0,0.0
P62851,0.0,0.0,0.0,0.0,0.0,0.0,0.0,10837000.0,0.0,0.0,0.0,0.0,0.0,0.0,0.0,0.0,0.0,0.0,0.0,0.0,0.0,0.0,0.0,0.0
P62857,0.0,0.0,0.0,0.0,0.0,0.0,0.0,0.0,0.0,0.0,0.0,0.0,0.0,0.0,0.0,0.0,0.0,0.0,0.0,0.0,0.0,0.0,0.0,0.0
Q9HAV0,0.0,0.0,0.0,0.0,0.0,0.0,0.0,0.0,0.0,0.0,0.0,0.0,0.0,0.0,0.0,0.0,0.0,0.0,0.0,0.0,0.0,0.0,0.0,0.0
P62888,0.0,0.0,0.0,0.0,0.0,0.0,0.0,27669000.0,7973800.0,0.0,0.0,0.0,0.0,0.0,0.0,0.0,0.0,0.0,0.0,0.0,0.0,0.0,0.0,0.0
P62899,0.0,0.0,0.0,0.0,0.0,2204800.0,0.0,11391000.0,0.0,0.0,0.0,0.0,0.0,0.0,0.0,0.0,0.0,0.0,0.0,0.0,0.0,0.0,0.0,0.0
P62937,0.0,6310300.0,4836200.0,0.0,0.0,23298000.0,0.0,27531000.0,23534000.0,0.0,0.0,3018000.0,2725000.0,0.0,3039600.0,0.0,5740900.0,3673600.0,0.0,3738600.0,0.0,0.0,4896800.0,0.0
P62942,0.0,0.0,0.0,0.0,0.0,0.0,0.0,0.0,0.0,0.0,0.0,0.0,0.0,0.0,0.0,0.0,0.0,0.0,0.0,0.0,0.0,0.0,0.0,0.0
P63104,0.0,15037000.0,10760000.0,2781000.0,0.0,77666000.0,10465000.0,85990000.0,78214000.0,1792600.0,2563000.0,6421400.0,45993000.0,21503000.0,32218000.0,0.0,91662000.0,9166100.0,0.0,33441000.0,12823000.0,61454000.0,110330000.0,0.0
Q96FJ2,0.0,0.0,0.0,0.0,0.0,0.0,0.0,0.0,0.0,0.0,0.0,0.0,19569000.0,0.0,18695000.0,0.0,21514000.0,6700500.0,0.0,0.0,0.0,21379000.0,9943100.0,0.0
P63220,0.0,0.0,0.0,0.0,0.0,9339400.0,0.0,0.0,20493000.0,0.0,0.0,0.0,0.0,0.0,0.0,0.0,0.0,0.0,0.0,0.0,0.0,0.0,0.0,0.0
P63241,0.0,0.0,0.0,0.0,0.0,27172000.0,0.0,54570000.0,55047000.0,0.0,0.0,0.0,0.0,0.0,4076300.0,0.0,2299600.0,0.0,0.0,0.0,0.0,3849500.0,5955200.0,0.0
P63244,0.0,0.0,0.0,0.0,0.0,0.0,0.0,2700500.0,0.0,0.0,0.0,0.0,4062700.0,0.0,0.0,0.0,0.0,0.0,0.0,0.0,0.0,0.0,0.0,0.0
P63261,0.0,0.0,2936300.0,325180.0,0.0,2830100.0,0.0,3846200.0,8014600.0,547250.0,190110.0,2606700.0,0.0,0.0,627540.0,0.0,4071900.0,0.0,0.0,10384000.0,446840.0,968710.0,10346000.0,0.0
P63313,0.0,0.0,23194000.0,20411000.0,0.0,45754000.0,0.0,107780000.0,101750000.0,13557000.0,56388000.0,13288000.0,0.0,4281200.0,0.0,0.0,0.0,0.0,0.0,0.0,6439700.0,0.0,0.0,0.0
P67809,0.0,0.0,0.0,0.0,0.0,0.0,0.0,1420000.0,1069700.0,0.0,0.0,223740.0,0.0,0.0,0.0,0.0,0.0,0.0,0.0,0.0,0.0,0.0,0.0,0.0
P67936,0.0,3927200.0,0.0,0.0,0.0,0.0,0.0,10676000.0,0.0,0.0,0.0,0.0,0.0,2332600.0,764540.0,0.0,0.0,0.0,0.0,0.0,4173200.0,1429600.0,3903600.0,0.0
P68133,0.0,0.0,0.0,0.0,0.0,0.0,0.0,0.0,0.0,0.0,0.0,0.0,0.0,0.0,0.0,0.0,0.0,0.0,0.0,0.0,0.0,0.0,0.0,0.0
P68036,0.0,0.0,0.0,0.0,0.0,4705500.0,0.0,8009400.0,7103200.0,0.0,0.0,0.0,0.0,0.0,0.0,0.0,0.0,0.0,0.0,0.0,0.0,0.0,0.0,0.0
Q5VTE0,0.0,0.0,0.0,0.0,0.0,37728000.0,0.0,32933000.0,43844000.0,0.0,0.0,0.0,18694000.0,1592200.0,16569000.0,0.0,24877000.0,6448600.0,0.0,245980.0,0.0,9936000.0,21158000.0,0.0
P68363,0.0,3753000.0,0.0,0.0,0.0,34589000.0,0.0,31967000.0,10396000.0,0.0,0.0,0.0,19471000.0,1887400.0,18263000.0,0.0,11275000.0,2043600.0,1148000.0,24352000.0,0.0,14024000.0,32698000.0,0.0
P68366,0.0,0.0,0.0,0.0,0.0,0.0,0.0,0.0,0.0,0.0,0.0,0.0,5147500.0,0.0,0.0,0.0,0.0,0.0,0.0,0.0,0.0,0.0,0.0,0.0
P68371,0.0,0.0,0.0,0.0,0.0,0.0,0.0,1879500.0,0.0,0.0,0.0,0.0,4711100.0,0.0,0.0,0.0,0.0,0.0,0.0,0.0,0.0,0.0,0.0,0.0
P68402,0.0,0.0,0.0,0.0,0.0,2209500.0,0.0,4738100.0,2286600.0,0.0,0.0,0.0,0.0,0.0,0.0,0.0,0.0,0.0,0.0,0.0,0.0,0.0,0.0,0.0
P68431,0.0,82276000.0,103500000.0,0.0,0.0,53267000.0,17801000.0,70355000.0,96833000.0,0.0,0.0,28779000.0,62881000.0,13155000.0,39963000.0,0.0,64538000.0,132740000.0,35977000.0,296750000.0,19673000.0,59637000.0,140550000.0,0.0
P68871,4712400.0,65898000.0,67352000.0,0.0,0.0,81390000.0,97616000.0,255550000.0,9414700.0,2672300.0,0.0,0.0,0.0,0.0,0.0,0.0,0.0,6010900.0,0.0,243700000.0,0.0,23822000.0,16682000.0,0.0
P78417,0.0,0.0,0.0,0.0,0.0,2023100.0,0.0,2530700.0,0.0,0.0,0.0,0.0,0.0,0.0,0.0,0.0,0.0,0.0,0.0,0.0,0.0,0.0,0.0,0.0
P80188,0.0,55220000.0,38214000.0,0.0,0.0,31161000.0,14923000.0,39059000.0,12391000.0,2694000.0,0.0,54190000.0,0.0,0.0,0.0,0.0,0.0,30428000.0,0.0,35358000.0,1558900.0,0.0,0.0,0.0
P80217,0.0,0.0,0.0,0.0,0.0,0.0,0.0,0.0,0.0,0.0,0.0,0.0,0.0,0.0,0.0,0.0,0.0,0.0,0.0,0.0,0.0,0.0,0.0,0.0
P80303,0.0,0.0,0.0,0.0,0.0,10842000.0,4060300.0,2509200.0,8012700.0,0.0,0.0,4741400.0,0.0,0.0,0.0,0.0,0.0,0.0,0.0,0.0,0.0,0.0,0.0,0.0
P80511,0.0,0.0,14770000.0,0.0,0.0,0.0,0.0,0.0,0.0,0.0,0.0,18903000.0,0.0,0.0,0.0,0.0,0.0,0.0,0.0,0.0,0.0,0.0,0.0,0.0
P80723,0.0,3783200.0,9239000.0,5011100.0,0.0,2122800.0,1872100.0,8736500.0,6440700.0,1395500.0,793580.0,7487800.0,0.0,0.0,349470.0,0.0,0.0,646780.0,0.0,4159600.0,909550.0,896450.0,1209800.0,0.0
P80748,0.0,11860000.0,0.0,0.0,0.0,34293000.0,25162000.0,22041000.0,10403000.0,0.0,0.0,63524000.0,0.0,0.0,0.0,0.0,0.0,0.0,0.0,35919000.0,0.0,0.0,13859000.0,0.0
P81605,0.0,0.0,0.0,0.0,0.0,0.0,0.0,0.0,11144000.0,3644100.0,0.0,0.0,0.0,0.0,0.0,0.0,0.0,0.0,0.0,0.0,0.0,0.0,0.0,0.0
P82979,0.0,0.0,0.0,0.0,0.0,0.0,0.0,4233900.0,0.0,0.0,0.0,0.0,0.0,0.0,0.0,0.0,0.0,0.0,0.0,0.0,0.0,0.0,0.0,0.0
P83731,0.0,0.0,0.0,0.0,0.0,0.0,0.0,0.0,0.0,0.0,0.0,0.0,0.0,0.0,0.0,0.0,0.0,2544500.0,0.0,0.0,0.0,0.0,0.0,0.0
P84090,0.0,0.0,0.0,0.0,0.0,0.0,0.0,0.0,0.0,0.0,0.0,0.0,0.0,0.0,0.0,0.0,0.0,0.0,0.0,0.0,0.0,0.0,0.0,0.0
P84103,0.0,0.0,0.0,0.0,0.0,0.0,0.0,2484600.0,0.0,0.0,0.0,0.0,0.0,0.0,0.0,0.0,0.0,0.0,0.0,0.0,0.0,0.0,0.0,0.0
P98088,0.0,0.0,0.0,0.0,0.0,0.0,0.0,0.0,0.0,0.0,0.0,0.0,0.0,0.0,122320.0,0.0,0.0,905570.0,209990.0,1693900.0,0.0,714490.0,555470.0,0.0
P98179,0.0,0.0,0.0,0.0,0.0,8654800.0,0.0,0.0,14363000.0,0.0,0.0,0.0,0.0,0.0,0.0,0.0,0.0,0.0,0.0,0.0,0.0,0.0,0.0,0.0
P99999,0.0,0.0,5815600.0,0.0,0.0,5190900.0,0.0,15867000.0,63417000.0,0.0,0.0,0.0,0.0,0.0,0.0,0.0,0.0,0.0,0.0,0.0,0.0,0.0,0.0,0.0
Q00610,0.0,0.0,0.0,0.0,0.0,0.0,0.0,137170.0,0.0,0.0,0.0,0.0,943430.0,0.0,382200.0,0.0,424030.0,314980.0,0.0,548400.0,38319.0,441850.0,793240.0,0.0
Q00688,0.0,0.0,0.0,0.0,0.0,0.0,0.0,0.0,1649600.0,0.0,0.0,0.0,0.0,0.0,0.0,0.0,0.0,0.0,0.0,0.0,0.0,0.0,0.0,0.0
Q00796,0.0,0.0,2177600.0,0.0,0.0,4982500.0,0.0,7414000.0,1712100.0,0.0,0.0,0.0,0.0,0.0,0.0,0.0,0.0,0.0,0.0,0.0,0.0,0.0,0.0,0.0
Q00839,0.0,0.0,0.0,0.0,0.0,0.0,0.0,0.0,815560.0,0.0,0.0,0.0,0.0,0.0,0.0,0.0,0.0,0.0,0.0,0.0,0.0,0.0,1050700.0,0.0
Q01105,0.0,0.0,0.0,0.0,0.0,0.0,0.0,36259000.0,8893500.0,0.0,0.0,0.0,0.0,0.0,0.0,0.0,0.0,6657600.0,0.0,0.0,0.0,0.0,0.0,0.0
Q01469,0.0,12607000.0,12692000.0,0.0,0.0,166850000.0,7421300.0,215250000.0,318000000.0,0.0,0.0,3306400.0,26647000.0,3322900.0,12196000.0,0.0,14491000.0,2999900.0,0.0,0.0,0.0,6144900.0,5493600.0,0.0
Q01518,0.0,9193400.0,1685300.0,0.0,0.0,9906800.0,714070.0,18669000.0,6554100.0,0.0,0.0,977540.0,0.0,0.0,0.0,0.0,2442200.0,2059400.0,0.0,7716400.0,0.0,3610100.0,7130700.0,0.0
Q01813,0.0,0.0,0.0,0.0,0.0,0.0,0.0,0.0,0.0,0.0,0.0,0.0,2071900.0,0.0,0.0,0.0,0.0,0.0,0.0,0.0,0.0,0.0,0.0,0.0
Q02383,0.0,0.0,0.0,0.0,0.0,0.0,0.0,0.0,0.0,0.0,0.0,0.0,0.0,0.0,0.0,0.0,68584000.0,0.0,0.0,0.0,0.0,0.0,0.0,0.0
Q02413,0.0,0.0,0.0,0.0,0.0,0.0,0.0,0.0,0.0,0.0,0.0,0.0,6448800.0,0.0,1612800.0,0.0,0.0,0.0,0.0,0.0,0.0,0.0,0.0,0.0
Q02543,0.0,0.0,0.0,0.0,0.0,0.0,0.0,0.0,0.0,0.0,0.0,0.0,0.0,0.0,2404900.0,0.0,0.0,3690900.0,0.0,0.0,0.0,0.0,2977000.0,0.0
Q02818,0.0,0.0,0.0,0.0,0.0,6330900.0,936580.0,0.0,1419100.0,0.0,0.0,1455000.0,0.0,0.0,0.0,0.0,0.0,0.0,0.0,0.0,0.0,0.0,0.0,0.0
Q02878,0.0,0.0,0.0,0.0,0.0,0.0,0.0,3056000.0,0.0,0.0,0.0,0.0,0.0,0.0,2747400.0,0.0,0.0,0.0,0.0,0.0,0.0,0.0,0.0,0.0
Q03591,0.0,0.0,0.0,0.0,0.0,0.0,0.0,8920700.0,0.0,0.0,0.0,0.0,0.0,0.0,0.0,0.0,0.0,0.0,0.0,0.0,0.0,0.0,0.0,0.0
Q04323,0.0,0.0,0.0,0.0,0.0,0.0,0.0,0.0,0.0,0.0,0.0,0.0,0.0,0.0,0.0,0.0,0.0,0.0,0.0,0.0,0.0,0.0,0.0,0.0
Q04828,0.0,0.0,3389300.0,0.0,0.0,49710000.0,0.0,28287000.0,8674100.0,0.0,0.0,0.0,0.0,0.0,0.0,0.0,0.0,0.0,0.0,0.0,0.0,0.0,0.0,0.0
Q04837,0.0,0.0,0.0,0.0,0.0,0.0,0.0,0.0,0.0,0.0,0.0,0.0,0.0,0.0,0.0,0.0,0.0,6654100.0,0.0,0.0,0.0,0.0,0.0,0.0
Q04941,0.0,0.0,0.0,0.0,0.0,0.0,0.0,0.0,0.0,0.0,0.0,0.0,8004900.0,1569200.0,0.0,0.0,0.0,0.0,0.0,0.0,2738000.0,0.0,0.0,0.0
Q05639,0.0,0.0,0.0,0.0,0.0,0.0,0.0,0.0,0.0,0.0,0.0,0.0,0.0,0.0,0.0,0.0,0.0,0.0,0.0,0.0,0.0,0.0,0.0,0.0
Q06323,0.0,0.0,0.0,0.0,0.0,11898000.0,0.0,25807000.0,10655000.0,0.0,0.0,0.0,0.0,0.0,0.0,0.0,0.0,0.0,0.0,659110.0,0.0,0.0,0.0,0.0
Q06830,0.0,0.0,17882000.0,0.0,0.0,80348000.0,0.0,99316000.0,109110000.0,0.0,0.0,0.0,0.0,0.0,0.0,0.0,0.0,3585800.0,0.0,0.0,0.0,0.0,5939500.0,0.0
Q07020,0.0,0.0,0.0,0.0,0.0,0.0,0.0,0.0,0.0,0.0,0.0,0.0,3412200.0,0.0,1935900.0,0.0,5734700.0,7269500.0,0.0,3964600.0,0.0,0.0,3382500.0,0.0
Q07157,0.0,0.0,0.0,0.0,0.0,0.0,0.0,0.0,0.0,0.0,0.0,0.0,0.0,0.0,0.0,0.0,217220.0,0.0,0.0,0.0,0.0,0.0,0.0,0.0
Q07283,0.0,0.0,0.0,0.0,0.0,0.0,0.0,0.0,0.0,0.0,0.0,0.0,0.0,0.0,726510.0,0.0,0.0,0.0,0.0,0.0,0.0,0.0,0.0,0.0
Q07654,0.0,63223000.0,0.0,0.0,0.0,29932000.0,9927300.0,62732000.0,0.0,0.0,0.0,36659000.0,0.0,0.0,5818200.0,0.0,0.0,0.0,0.0,0.0,0.0,0.0,0.0,0.0
Q07960,0.0,0.0,0.0,0.0,0.0,0.0,0.0,0.0,0.0,0.0,0.0,0.0,0.0,0.0,0.0,0.0,0.0,0.0,0.0,0.0,0.0,0.0,0.0,0.0
Q08188,0.0,0.0,0.0,0.0,0.0,0.0,0.0,0.0,0.0,0.0,0.0,0.0,41286000.0,23260000.0,38149000.0,0.0,66049000.0,50586000.0,1419500.0,6270100.0,12967000.0,30843000.0,44458000.0,0.0
Q08380,0.0,6616600.0,3052100.0,0.0,0.0,13682000.0,10246000.0,5929700.0,3793000.0,0.0,0.0,7791000.0,0.0,0.0,0.0,0.0,9920300.0,1234000.0,0.0,2937500.0,0.0,5513000.0,0.0,0.0
Q09028,0.0,0.0,0.0,0.0,0.0,0.0,0.0,699000.0,0.0,0.0,0.0,0.0,0.0,0.0,0.0,0.0,0.0,0.0,0.0,0.0,0.0,0.0,0.0,0.0
Q09666,0.0,0.0,0.0,0.0,0.0,0.0,0.0,828970.0,509580.0,0.0,0.0,0.0,701530.0,41589.0,315720.0,0.0,720820.0,184150.0,0.0,0.0,292720.0,149790.0,398950.0,0.0
Q12792,0.0,0.0,0.0,0.0,0.0,0.0,0.0,0.0,0.0,0.0,0.0,0.0,0.0,0.0,0.0,0.0,0.0,0.0,0.0,0.0,0.0,0.0,0.0,0.0
Q12905,0.0,0.0,0.0,0.0,0.0,763130.0,0.0,2155100.0,0.0,0.0,0.0,0.0,0.0,0.0,0.0,0.0,0.0,0.0,0.0,0.0,0.0,0.0,0.0,0.0
Q12906,0.0,0.0,0.0,0.0,0.0,0.0,0.0,987860.0,0.0,0.0,0.0,0.0,0.0,0.0,0.0,0.0,0.0,0.0,0.0,0.0,0.0,0.0,0.0,0.0
Q13228,0.0,0.0,1652500.0,0.0,0.0,13544000.0,0.0,28654000.0,13199000.0,0.0,0.0,0.0,0.0,0.0,0.0,0.0,0.0,0.0,0.0,0.0,0.0,0.0,0.0,0.0
Q13404,0.0,0.0,0.0,0.0,0.0,0.0,0.0,5195900.0,3173700.0,0.0,0.0,0.0,0.0,0.0,0.0,0.0,0.0,0.0,0.0,0.0,0.0,0.0,0.0,0.0
Q13409,0.0,0.0,0.0,0.0,0.0,0.0,0.0,1819000.0,0.0,0.0,0.0,0.0,0.0,0.0,0.0,0.0,0.0,0.0,0.0,0.0,0.0,0.0,0.0,0.0
Q13410,0.0,0.0,0.0,0.0,0.0,0.0,0.0,0.0,0.0,0.0,0.0,0.0,0.0,5287700.0,0.0,0.0,0.0,0.0,0.0,0.0,0.0,0.0,0.0,0.0
Q13576,0.0,0.0,0.0,0.0,0.0,0.0,0.0,0.0,0.0,0.0,0.0,0.0,0.0,0.0,0.0,0.0,0.0,0.0,0.0,0.0,0.0,0.0,0.0,0.0
Q13813,0.0,0.0,0.0,0.0,0.0,0.0,0.0,202730.0,200620.0,0.0,0.0,0.0,0.0,0.0,0.0,0.0,0.0,0.0,0.0,0.0,0.0,520080.0,452140.0,0.0
Q13835,0.0,0.0,0.0,0.0,0.0,0.0,0.0,0.0,0.0,0.0,0.0,0.0,12790000.0,0.0,4394500.0,0.0,2015400.0,0.0,0.0,488970.0,0.0,0.0,1906100.0,0.0
Q13838,0.0,0.0,0.0,0.0,0.0,3968700.0,0.0,7515000.0,0.0,0.0,0.0,0.0,0.0,0.0,0.0,0.0,0.0,897350.0,0.0,0.0,0.0,0.0,1912500.0,0.0
Q13938,0.0,0.0,0.0,0.0,0.0,0.0,0.0,3026200.0,33275000.0,0.0,0.0,0.0,0.0,0.0,0.0,0.0,0.0,0.0,0.0,0.0,0.0,0.0,0.0,0.0
Q14011,0.0,0.0,0.0,0.0,0.0,0.0,0.0,0.0,0.0,0.0,0.0,0.0,0.0,0.0,0.0,0.0,0.0,0.0,0.0,0.0,0.0,0.0,0.0,0.0
Q14019,0.0,0.0,0.0,0.0,0.0,0.0,0.0,0.0,0.0,0.0,0.0,0.0,0.0,0.0,0.0,0.0,0.0,0.0,0.0,0.0,0.0,0.0,0.0,0.0
Q14103,0.0,0.0,0.0,0.0,0.0,11271000.0,0.0,8703700.0,6641300.0,0.0,0.0,0.0,0.0,0.0,0.0,0.0,0.0,0.0,0.0,0.0,0.0,0.0,0.0,0.0
Q14116,0.0,0.0,0.0,0.0,0.0,0.0,0.0,0.0,0.0,0.0,0.0,0.0,0.0,0.0,0.0,0.0,2762500.0,0.0,0.0,0.0,0.0,2203600.0,2793200.0,0.0
Q14134,0.0,0.0,0.0,0.0,0.0,0.0,0.0,0.0,0.0,0.0,0.0,0.0,1128800.0,806590.0,2934700.0,0.0,3337400.0,0.0,0.0,0.0,512400.0,1007100.0,2208200.0,0.0
Q14444,0.0,0.0,0.0,0.0,0.0,0.0,0.0,0.0,0.0,0.0,0.0,0.0,0.0,0.0,0.0,0.0,0.0,0.0,0.0,0.0,0.0,0.0,0.0,0.0
Q14508,0.0,0.0,10066000.0,0.0,0.0,29368000.0,24605000.0,14239000.0,21903000.0,0.0,0.0,32315000.0,0.0,0.0,0.0,0.0,0.0,0.0,0.0,0.0,0.0,0.0,0.0,0.0
Q14624,0.0,1751700.0,397470.0,0.0,0.0,1967500.0,596290.0,1985100.0,196570.0,0.0,0.0,0.0,0.0,0.0,0.0,0.0,0.0,0.0,0.0,1139600.0,0.0,0.0,366430.0,0.0
Q14651,0.0,0.0,0.0,0.0,0.0,0.0,0.0,0.0,0.0,0.0,0.0,0.0,0.0,0.0,0.0,0.0,0.0,0.0,0.0,0.0,0.0,0.0,0.0,0.0
Q14697,0.0,247660.0,283350.0,0.0,0.0,287350.0,0.0,971460.0,289410.0,0.0,0.0,0.0,0.0,0.0,0.0,0.0,285730.0,0.0,0.0,0.0,0.0,0.0,1122700.0,0.0
Q14764,0.0,0.0,0.0,0.0,0.0,920940.0,0.0,6848300.0,0.0,0.0,0.0,0.0,0.0,0.0,0.0,0.0,0.0,0.0,0.0,0.0,0.0,0.0,1141700.0,0.0
Q14847,0.0,0.0,0.0,0.0,0.0,0.0,0.0,0.0,2311600.0,0.0,0.0,0.0,0.0,0.0,0.0,0.0,0.0,0.0,0.0,0.0,0.0,0.0,0.0,0.0
Q14974,0.0,0.0,0.0,0.0,0.0,587010.0,0.0,666110.0,0.0,0.0,0.0,0.0,0.0,0.0,0.0,0.0,0.0,420540.0,0.0,0.0,0.0,263080.0,789180.0,0.0
Q149N8,0.0,0.0,0.0,0.0,0.0,0.0,0.0,0.0,0.0,0.0,0.0,0.0,0.0,0.0,0.0,0.0,0.0,0.0,0.0,0.0,0.0,0.0,0.0,0.0
Q14CN2,0.0,0.0,0.0,0.0,0.0,0.0,0.0,0.0,0.0,0.0,0.0,0.0,0.0,1440300.0,316290.0,0.0,2804800.0,3949700.0,0.0,0.0,0.0,2040400.0,6623300.0,0.0
Q15056,0.0,0.0,0.0,0.0,0.0,0.0,0.0,0.0,2725700.0,0.0,0.0,0.0,0.0,0.0,0.0,0.0,0.0,0.0,0.0,0.0,0.0,0.0,0.0,0.0
Q15084,0.0,0.0,0.0,0.0,0.0,1259100.0,0.0,1578100.0,1285600.0,0.0,0.0,0.0,0.0,0.0,0.0,0.0,2488100.0,0.0,0.0,0.0,0.0,1070500.0,4185000.0,0.0
Q15149,0.0,0.0,0.0,0.0,0.0,0.0,0.0,0.0,0.0,0.0,0.0,0.0,66196.0,0.0,107290.0,0.0,0.0,0.0,0.0,0.0,0.0,0.0,0.0,0.0
Q15181,0.0,0.0,0.0,0.0,0.0,1752100.0,0.0,6789600.0,7145800.0,0.0,0.0,0.0,0.0,0.0,0.0,0.0,0.0,0.0,0.0,0.0,0.0,0.0,0.0,0.0
Q15365,0.0,3131100.0,2395600.0,0.0,0.0,8413800.0,0.0,20468000.0,9957100.0,0.0,0.0,0.0,3100200.0,0.0,1392100.0,0.0,1758100.0,1410500.0,0.0,5360700.0,0.0,0.0,3918400.0,0.0
Q15366,0.0,0.0,0.0,0.0,0.0,0.0,0.0,0.0,0.0,0.0,0.0,0.0,0.0,0.0,0.0,0.0,0.0,0.0,0.0,0.0,0.0,0.0,0.0,0.0
Q15435,0.0,0.0,0.0,0.0,0.0,0.0,0.0,0.0,0.0,0.0,0.0,0.0,0.0,0.0,0.0,0.0,0.0,0.0,0.0,0.0,0.0,0.0,0.0,0.0
Q16378,0.0,0.0,0.0,0.0,0.0,281840000.0,55035000.0,0.0,291120000.0,0.0,77778000.0,50919000.0,0.0,27295000.0,0.0,0.0,0.0,0.0,0.0,0.0,0.0,29911000.0,54456000.0,0.0
Q16610,0.0,0.0,0.0,0.0,0.0,0.0,0.0,0.0,0.0,0.0,0.0,0.0,7905100.0,7902500.0,0.0,0.0,17133000.0,5927500.0,880520.0,0.0,10185000.0,11464000.0,11726000.0,0.0
Q16658,0.0,0.0,0.0,0.0,0.0,0.0,0.0,1175200.0,0.0,0.0,0.0,0.0,0.0,0.0,0.0,0.0,0.0,0.0,0.0,0.0,0.0,0.0,0.0,0.0
Q16666,0.0,0.0,0.0,0.0,0.0,468650.0,0.0,1453300.0,0.0,0.0,0.0,0.0,0.0,0.0,0.0,0.0,0.0,0.0,0.0,0.0,0.0,0.0,0.0,0.0
Q16719,0.0,0.0,0.0,0.0,0.0,0.0,0.0,808960.0,0.0,0.0,0.0,0.0,0.0,0.0,0.0,0.0,0.0,0.0,0.0,0.0,0.0,0.0,0.0,0.0
Q16851,0.0,0.0,0.0,0.0,0.0,0.0,0.0,3366100.0,600560.0,0.0,0.0,0.0,0.0,0.0,0.0,0.0,0.0,0.0,0.0,0.0,0.0,0.0,0.0,0.0
Q16881,0.0,0.0,0.0,0.0,0.0,0.0,0.0,1142400.0,0.0,0.0,0.0,0.0,0.0,0.0,0.0,0.0,0.0,0.0,0.0,0.0,0.0,0.0,0.0,0.0
Q2VWP7,0.0,0.0,0.0,0.0,0.0,0.0,0.0,0.0,0.0,0.0,0.0,0.0,0.0,0.0,0.0,0.0,0.0,0.0,0.0,0.0,0.0,0.0,0.0,0.0
Q32MZ4,0.0,0.0,0.0,0.0,0.0,0.0,0.0,688330.0,0.0,0.0,0.0,0.0,0.0,0.0,0.0,0.0,0.0,0.0,0.0,0.0,124240.0,0.0,402170.0,0.0
Q3LXA3,0.0,0.0,0.0,0.0,0.0,0.0,0.0,503450.0,0.0,0.0,0.0,0.0,0.0,0.0,0.0,0.0,0.0,0.0,0.0,0.0,0.0,0.0,0.0,0.0
Q4G0P3,0.0,0.0,0.0,0.0,0.0,0.0,0.0,323450.0,0.0,0.0,220360.0,0.0,0.0,0.0,0.0,0.0,0.0,0.0,0.0,0.0,0.0,0.0,0.0,0.0
Q4G148,0.0,4607000.0,2792500.0,0.0,0.0,2293400.0,2797800.0,0.0,0.0,0.0,0.0,1118600.0,0.0,0.0,0.0,0.0,0.0,0.0,0.0,0.0,0.0,0.0,0.0,0.0
Q56A73,0.0,0.0,0.0,0.0,0.0,0.0,0.0,0.0,0.0,0.0,0.0,0.0,5494400.0,0.0,0.0,0.0,0.0,0.0,0.0,0.0,0.0,0.0,0.0,0.0
Q58FF6,0.0,0.0,0.0,0.0,0.0,0.0,0.0,0.0,1284200.0,0.0,0.0,0.0,0.0,0.0,0.0,0.0,0.0,0.0,0.0,2296900.0,0.0,639040.0,2862100.0,0.0
Q5SSG8,0.0,0.0,0.0,0.0,0.0,0.0,0.0,0.0,0.0,0.0,0.0,0.0,14958000.0,0.0,4599400.0,0.0,42991000.0,0.0,0.0,0.0,0.0,0.0,10565000.0,0.0
Q5T197,0.0,0.0,0.0,0.0,0.0,0.0,0.0,0.0,0.0,0.0,0.0,0.0,0.0,0.0,0.0,0.0,0.0,0.0,0.0,0.0,0.0,0.0,0.0,0.0
Q5T749,0.0,0.0,0.0,0.0,0.0,0.0,0.0,0.0,0.0,0.0,0.0,0.0,40178000.0,0.0,0.0,0.0,0.0,0.0,0.0,0.0,0.0,0.0,0.0,0.0
Q5T750,0.0,0.0,0.0,0.0,0.0,0.0,0.0,0.0,0.0,0.0,0.0,0.0,11928000.0,0.0,0.0,0.0,0.0,0.0,0.0,0.0,0.0,0.0,0.0,0.0
Q5TBA9,0.0,0.0,0.0,0.0,0.0,0.0,0.0,0.0,0.0,0.0,0.0,0.0,0.0,0.0,0.0,0.0,0.0,0.0,0.0,0.0,0.0,0.0,0.0,0.0
Q5TEC6,0.0,0.0,0.0,0.0,0.0,0.0,0.0,0.0,0.0,0.0,0.0,0.0,0.0,0.0,0.0,0.0,0.0,0.0,0.0,0.0,0.0,0.0,0.0,0.0
Q5TZA2,0.0,0.0,0.0,0.0,0.0,1611000.0,0.0,1935200.0,1153700.0,0.0,0.0,0.0,0.0,0.0,0.0,0.0,987600.0,0.0,0.0,0.0,0.0,797860.0,1499000.0,0.0
Q9Y4E1,0.0,1363800.0,0.0,0.0,0.0,0.0,0.0,0.0,0.0,0.0,0.0,0.0,0.0,0.0,0.0,0.0,0.0,0.0,0.0,0.0,0.0,0.0,0.0,0.0
Q6P5S2,0.0,1016700.0,0.0,0.0,0.0,67493000.0,5993800.0,7336500.0,7167200.0,0.0,0.0,35720000.0,0.0,0.0,18783000.0,0.0,0.0,0.0,0.0,38520000.0,0.0,48723000.0,1116600.0,0.0
Q6PCB0,0.0,0.0,0.0,0.0,0.0,0.0,0.0,0.0,0.0,0.0,0.0,0.0,0.0,0.0,0.0,0.0,3723500.0,0.0,0.0,0.0,0.0,0.0,0.0,0.0
Q6S8J3,0.0,0.0,0.0,0.0,0.0,0.0,0.0,0.0,0.0,0.0,0.0,0.0,0.0,0.0,0.0,0.0,0.0,0.0,0.0,0.0,0.0,0.0,0.0,0.0
Q6UWW0,0.0,0.0,0.0,0.0,0.0,0.0,50582000.0,0.0,0.0,0.0,0.0,32866000.0,0.0,0.0,0.0,0.0,0.0,0.0,0.0,0.0,0.0,0.0,0.0,0.0
Q6UX06,0.0,0.0,0.0,0.0,0.0,0.0,0.0,0.0,0.0,0.0,0.0,0.0,0.0,0.0,0.0,0.0,0.0,0.0,0.0,0.0,0.0,0.0,0.0,0.0
Q6W4X9,0.0,0.0,0.0,0.0,0.0,0.0,0.0,0.0,0.0,0.0,0.0,0.0,0.0,0.0,0.0,0.0,7304000.0,0.0,0.0,0.0,0.0,0.0,0.0,0.0
Q6XPR3,0.0,0.0,0.0,0.0,0.0,0.0,0.0,0.0,0.0,0.0,0.0,0.0,0.0,0.0,0.0,0.0,0.0,0.0,0.0,0.0,0.0,0.0,0.0,0.0
Q6XZF7,0.0,0.0,0.0,0.0,0.0,0.0,0.0,0.0,0.0,0.0,0.0,0.0,0.0,0.0,0.0,0.0,0.0,0.0,0.0,0.0,0.0,0.0,0.0,0.0
Q6ZN66,0.0,0.0,0.0,0.0,0.0,0.0,0.0,0.0,0.0,0.0,0.0,0.0,7088700.0,0.0,2936800.0,0.0,357660.0,0.0,0.0,0.0,0.0,312540.0,2642100.0,0.0
Q6ZVX7,0.0,0.0,0.0,0.0,0.0,0.0,0.0,0.0,0.0,0.0,0.0,0.0,5284200.0,2504800.0,3475400.0,0.0,5289300.0,8166700.0,0.0,0.0,0.0,9913100.0,25093000.0,0.0
Q70CQ2,0.0,0.0,0.0,0.0,0.0,0.0,0.0,0.0,0.0,0.0,0.0,0.0,0.0,0.0,0.0,0.0,0.0,0.0,0.0,0.0,0.0,0.0,0.0,0.0
Q71DI3,0.0,0.0,0.0,0.0,0.0,0.0,0.0,0.0,0.0,0.0,0.0,0.0,0.0,0.0,0.0,0.0,0.0,0.0,0.0,0.0,0.0,0.0,0.0,0.0
Q7LBR1,0.0,0.0,0.0,0.0,0.0,0.0,0.0,0.0,0.0,0.0,0.0,0.0,0.0,0.0,0.0,0.0,0.0,0.0,0.0,0.0,0.0,0.0,0.0,0.0
Q7Z406,0.0,0.0,0.0,0.0,0.0,0.0,0.0,0.0,0.0,0.0,0.0,0.0,76538.0,0.0,0.0,0.0,0.0,0.0,0.0,0.0,0.0,0.0,0.0,0.0
Q7Z5L0,0.0,0.0,0.0,0.0,0.0,0.0,11921000.0,0.0,0.0,0.0,0.0,24052000.0,0.0,0.0,0.0,0.0,0.0,0.0,0.0,0.0,0.0,0.0,0.0,0.0
Q7Z7F0,0.0,0.0,0.0,0.0,0.0,0.0,0.0,0.0,0.0,0.0,0.0,0.0,0.0,0.0,0.0,0.0,0.0,0.0,0.0,0.0,0.0,0.0,0.0,0.0
Q86T26,0.0,0.0,0.0,0.0,0.0,0.0,0.0,0.0,0.0,0.0,0.0,0.0,0.0,0.0,2778600.0,0.0,0.0,0.0,0.0,0.0,1285100.0,0.0,0.0,0.0
Q86U42,0.0,0.0,0.0,0.0,0.0,0.0,0.0,1676000.0,1792300.0,0.0,0.0,0.0,0.0,0.0,0.0,0.0,0.0,0.0,0.0,0.0,0.0,0.0,0.0,0.0
Q86UW7,0.0,0.0,0.0,0.0,0.0,0.0,618420.0,0.0,0.0,0.0,0.0,1052500.0,0.0,0.0,0.0,0.0,0.0,0.0,0.0,0.0,0.0,0.0,0.0,0.0
Q86V81,0.0,0.0,0.0,0.0,0.0,0.0,0.0,3024500.0,4951400.0,0.0,0.0,0.0,0.0,0.0,0.0,0.0,0.0,0.0,0.0,0.0,0.0,0.0,0.0,0.0
Q8IUC0,0.0,0.0,0.0,0.0,0.0,0.0,0.0,0.0,0.0,0.0,0.0,0.0,5817100.0,0.0,0.0,0.0,0.0,0.0,0.0,0.0,0.0,0.0,0.0,0.0
Q8IX30,0.0,0.0,0.0,265610.0,0.0,0.0,0.0,0.0,0.0,0.0,324460.0,0.0,0.0,0.0,0.0,0.0,0.0,0.0,0.0,0.0,0.0,0.0,0.0,0.0
Q8IXS2,0.0,0.0,0.0,0.0,0.0,0.0,0.0,0.0,0.0,0.0,0.0,0.0,0.0,0.0,0.0,0.0,0.0,0.0,0.0,0.0,0.0,0.0,0.0,0.0
Q8N3Y7,0.0,0.0,0.0,0.0,0.0,0.0,0.0,0.0,0.0,0.0,0.0,0.0,1224300.0,0.0,0.0,0.0,0.0,0.0,0.0,0.0,0.0,0.0,0.0,0.0
Q8N4F0,0.0,6420400.0,0.0,0.0,0.0,16080000.0,1821900.0,3222000.0,0.0,0.0,0.0,4314300.0,0.0,0.0,26468000.0,0.0,0.0,0.0,0.0,12873000.0,0.0,19271000.0,8579300.0,0.0
Q8NAP8,0.0,0.0,0.0,0.0,0.0,0.0,0.0,0.0,0.0,0.0,0.0,0.0,4588800.0,0.0,0.0,0.0,0.0,0.0,0.0,0.0,0.0,0.0,0.0,0.0
Q8NBJ4,0.0,0.0,0.0,0.0,0.0,4037600.0,0.0,2582500.0,0.0,0.0,0.0,1394100.0,0.0,0.0,0.0,0.0,0.0,0.0,0.0,0.0,0.0,2153100.0,0.0,0.0
Q8NBS9,0.0,0.0,0.0,0.0,0.0,498420.0,0.0,0.0,0.0,0.0,0.0,0.0,0.0,0.0,0.0,0.0,0.0,0.0,0.0,0.0,0.0,0.0,0.0,0.0
Q8NC51,0.0,0.0,0.0,0.0,0.0,0.0,0.0,0.0,2429600.0,0.0,0.0,0.0,0.0,0.0,0.0,0.0,0.0,0.0,0.0,0.0,0.0,0.0,0.0,0.0
Q8NCX0,0.0,0.0,0.0,0.0,0.0,0.0,0.0,0.0,0.0,0.0,0.0,0.0,0.0,0.0,0.0,0.0,0.0,0.0,0.0,0.0,0.0,0.0,0.0,0.0
Q8NFJ5,0.0,0.0,0.0,0.0,0.0,0.0,0.0,0.0,0.0,0.0,0.0,0.0,0.0,0.0,0.0,0.0,0.0,2769600.0,0.0,0.0,0.0,0.0,0.0,0.0
Q8NFU5,0.0,0.0,0.0,0.0,0.0,0.0,0.0,0.0,0.0,0.0,0.0,0.0,0.0,0.0,0.0,0.0,0.0,0.0,0.0,0.0,0.0,741600.0,0.0,0.0
Q8TAX7,0.0,0.0,0.0,0.0,0.0,5688400.0,0.0,0.0,13256000.0,0.0,0.0,0.0,0.0,0.0,3636500.0,0.0,20983000.0,0.0,0.0,0.0,0.0,20273000.0,13123000.0,0.0
Q8TCB6,0.0,0.0,0.0,0.0,0.0,11328000.0,9414200.0,0.0,0.0,0.0,0.0,17132000.0,0.0,0.0,0.0,0.0,0.0,0.0,0.0,0.0,0.0,0.0,0.0,0.0
Q8TD33,0.0,0.0,0.0,0.0,0.0,0.0,0.0,0.0,0.0,0.0,0.0,0.0,0.0,0.0,0.0,0.0,0.0,0.0,0.0,0.0,0.0,0.0,0.0,0.0
Q8TDL5,0.0,2708300.0,0.0,0.0,0.0,11360000.0,5903000.0,0.0,0.0,0.0,0.0,5879700.0,0.0,2658400.0,8115500.0,0.0,5062000.0,1344200.0,1079900.0,62193000.0,0.0,29677000.0,16519000.0,2135800.0
Q8TE68,0.0,0.0,0.0,0.0,0.0,0.0,0.0,0.0,0.0,0.0,0.0,0.0,741120.0,0.0,0.0,0.0,0.0,0.0,0.0,0.0,0.0,0.0,0.0,0.0
Q9NP97,0.0,0.0,0.0,0.0,0.0,0.0,0.0,0.0,0.0,0.0,0.0,0.0,0.0,0.0,0.0,0.0,0.0,0.0,0.0,0.0,0.0,0.0,0.0,0.0
Q8WUM4,0.0,0.0,0.0,0.0,0.0,0.0,0.0,499570.0,0.0,0.0,0.0,0.0,0.0,0.0,0.0,0.0,565530.0,0.0,0.0,0.0,0.0,0.0,0.0,0.0
Q8WVV4,0.0,0.0,0.0,0.0,0.0,0.0,0.0,0.0,0.0,0.0,0.0,0.0,8074900.0,0.0,0.0,0.0,0.0,0.0,0.0,0.0,0.0,0.0,0.0,0.0
Q8WWI1,0.0,0.0,0.0,0.0,0.0,0.0,0.0,0.0,0.0,0.0,0.0,0.0,0.0,0.0,0.0,0.0,0.0,0.0,0.0,0.0,0.0,92925.0,184360.0,0.0
Q8WXI7,0.0,0.0,0.0,0.0,0.0,0.0,0.0,0.0,0.0,0.0,0.0,80794.0,0.0,0.0,0.0,0.0,7863800.0,0.0,0.0,0.0,0.0,0.0,0.0,0.0
Q92597,0.0,0.0,0.0,0.0,0.0,0.0,0.0,0.0,0.0,0.0,0.0,0.0,0.0,0.0,1106900.0,0.0,0.0,0.0,0.0,0.0,0.0,1491200.0,0.0,0.0
Q92623,0.0,0.0,0.0,0.0,0.0,0.0,0.0,0.0,0.0,0.0,0.0,0.0,0.0,0.0,0.0,0.0,0.0,1393300.0,0.0,0.0,0.0,0.0,1137200.0,0.0
Q92747,0.0,0.0,0.0,0.0,0.0,0.0,0.0,0.0,0.0,0.0,0.0,0.0,0.0,0.0,0.0,0.0,1927600.0,639240.0,0.0,0.0,0.0,0.0,0.0,0.0
Q92750,0.0,0.0,0.0,0.0,0.0,0.0,0.0,0.0,0.0,0.0,0.0,0.0,0.0,0.0,0.0,0.0,0.0,0.0,0.0,0.0,0.0,0.0,0.0,0.0
Q92817,0.0,0.0,0.0,0.0,0.0,0.0,0.0,0.0,0.0,0.0,0.0,0.0,7025400.0,119710.0,4909000.0,0.0,7902800.0,761290.0,0.0,0.0,2081000.0,1527400.0,5214300.0,0.0
Q92820,0.0,0.0,0.0,0.0,0.0,0.0,0.0,0.0,0.0,0.0,0.0,0.0,0.0,0.0,0.0,0.0,0.0,0.0,0.0,0.0,0.0,0.0,0.0,0.0
Q92887,0.0,0.0,0.0,0.0,0.0,0.0,0.0,0.0,0.0,0.0,0.0,0.0,0.0,0.0,0.0,0.0,0.0,0.0,0.0,0.0,0.0,0.0,0.0,0.0
Q96AE4,0.0,0.0,0.0,0.0,0.0,1118600.0,0.0,5153000.0,1262400.0,0.0,0.0,0.0,0.0,0.0,0.0,0.0,0.0,0.0,0.0,0.0,0.0,0.0,0.0,0.0
Q96C19,0.0,0.0,8524200.0,0.0,0.0,2156200.0,0.0,16519000.0,17690000.0,0.0,0.0,0.0,0.0,0.0,0.0,0.0,0.0,0.0,0.0,0.0,0.0,0.0,0.0,0.0
Q96CV9,0.0,0.0,0.0,0.0,0.0,0.0,0.0,0.0,0.0,0.0,0.0,0.0,0.0,0.0,0.0,0.0,0.0,0.0,0.0,0.0,0.0,0.0,0.0,0.0
Q96DA0,0.0,5837000.0,0.0,0.0,0.0,47603000.0,0.0,3569300.0,0.0,0.0,0.0,5263700.0,0.0,0.0,0.0,0.0,2460000.0,0.0,0.0,16987000.0,0.0,8383400.0,0.0,0.0
Q96DR5,0.0,0.0,0.0,0.0,0.0,0.0,0.0,0.0,0.0,0.0,0.0,0.0,12470000.0,0.0,3828700.0,0.0,27704000.0,0.0,0.0,1577000.0,0.0,59806000.0,4305700.0,0.0
Q96FQ6,0.0,0.0,0.0,0.0,0.0,0.0,0.0,0.0,0.0,0.0,0.0,0.0,0.0,0.0,7531700.0,0.0,0.0,0.0,0.0,0.0,0.0,0.0,0.0,0.0
Q96FW1,0.0,0.0,0.0,0.0,0.0,1987100.0,0.0,3294100.0,0.0,0.0,0.0,0.0,0.0,0.0,0.0,0.0,0.0,0.0,0.0,0.0,0.0,0.0,0.0,0.0
Q96HE7,0.0,0.0,0.0,0.0,0.0,0.0,0.0,0.0,0.0,0.0,0.0,0.0,0.0,854700.0,0.0,0.0,4377100.0,2137300.0,0.0,0.0,0.0,4573900.0,4451100.0,0.0
Q96KP4,0.0,0.0,0.0,0.0,0.0,2214500.0,0.0,15816000.0,4621300.0,0.0,0.0,0.0,0.0,0.0,0.0,0.0,0.0,0.0,0.0,0.0,0.0,0.0,2205600.0,0.0
Q96LP2,0.0,0.0,0.0,0.0,0.0,0.0,0.0,0.0,0.0,0.0,0.0,0.0,0.0,0.0,0.0,0.0,0.0,0.0,0.0,0.0,0.0,0.0,0.0,0.0
Q96MM6,0.0,174260000.0,30572000.0,0.0,0.0,16991000.0,23403000.0,15295000.0,10959000.0,6171000.0,0.0,9132800.0,0.0,0.0,0.0,0.0,0.0,3878900.0,0.0,18800000.0,0.0,0.0,4546100.0,0.0
Q96NY7,0.0,0.0,0.0,0.0,0.0,320180.0,0.0,767840.0,477090.0,0.0,0.0,0.0,0.0,0.0,0.0,0.0,0.0,0.0,0.0,0.0,0.0,0.0,0.0,0.0
Q96P44,0.0,1218700.0,1737800.0,0.0,0.0,3463000.0,1966700.0,1380200.0,0.0,0.0,0.0,3205700.0,0.0,0.0,0.0,0.0,0.0,0.0,0.0,0.0,0.0,2703400.0,0.0,0.0
Q96PD5,0.0,2840300.0,0.0,0.0,0.0,0.0,911020.0,0.0,0.0,0.0,0.0,0.0,0.0,0.0,0.0,0.0,0.0,0.0,0.0,0.0,0.0,0.0,0.0,0.0
Q96PQ7,0.0,0.0,0.0,0.0,0.0,0.0,0.0,0.0,0.0,0.0,0.0,0.0,0.0,0.0,0.0,0.0,0.0,0.0,0.0,0.0,0.0,0.0,0.0,0.0
Q96QK1,0.0,0.0,0.0,0.0,0.0,0.0,0.0,0.0,0.0,0.0,0.0,0.0,0.0,0.0,0.0,0.0,0.0,0.0,0.0,0.0,0.0,0.0,0.0,0.0
Q96QR1,0.0,0.0,0.0,0.0,0.0,0.0,0.0,0.0,0.0,0.0,0.0,0.0,0.0,0.0,0.0,0.0,0.0,0.0,0.0,10621000.0,0.0,8815700.0,0.0,0.0
Q96RY5,0.0,0.0,0.0,0.0,0.0,0.0,0.0,0.0,0.0,0.0,0.0,0.0,0.0,0.0,0.0,0.0,0.0,0.0,0.0,0.0,0.0,0.0,0.0,0.0
Q96TA1,0.0,0.0,0.0,0.0,0.0,521430.0,0.0,406140.0,0.0,0.0,0.0,0.0,1143300.0,0.0,979370.0,0.0,2421200.0,877200.0,0.0,0.0,0.0,1215500.0,2658800.0,0.0
Q99102,0.0,0.0,0.0,0.0,0.0,0.0,0.0,0.0,0.0,0.0,0.0,0.0,0.0,428590.0,0.0,0.0,562460.0,0.0,0.0,0.0,0.0,319190.0,1216300.0,0.0
Q99497,0.0,0.0,0.0,0.0,0.0,12486000.0,0.0,12636000.0,46554000.0,0.0,0.0,0.0,0.0,0.0,0.0,0.0,0.0,0.0,0.0,0.0,0.0,0.0,0.0,0.0
Q99584,0.0,0.0,0.0,0.0,0.0,0.0,0.0,8331600.0,20316000.0,0.0,0.0,0.0,0.0,0.0,0.0,0.0,0.0,0.0,0.0,0.0,0.0,0.0,0.0,0.0
Q99685,0.0,0.0,0.0,0.0,0.0,0.0,0.0,0.0,0.0,0.0,0.0,0.0,0.0,0.0,0.0,0.0,0.0,0.0,0.0,0.0,0.0,0.0,0.0,0.0
Q99715,0.0,0.0,0.0,0.0,0.0,0.0,0.0,0.0,0.0,0.0,0.0,0.0,0.0,0.0,0.0,0.0,0.0,0.0,0.0,0.0,0.0,0.0,0.0,0.0
Q99832,0.0,0.0,0.0,0.0,0.0,785710.0,0.0,0.0,0.0,0.0,0.0,0.0,0.0,0.0,0.0,0.0,0.0,0.0,0.0,0.0,0.0,0.0,0.0,0.0
Q99935,0.0,0.0,0.0,0.0,0.0,0.0,5346700.0,0.0,39167000.0,0.0,0.0,0.0,0.0,0.0,0.0,0.0,0.0,0.0,0.0,2234100.0,0.0,1047300.0,0.0,0.0
Q9BQE3,0.0,0.0,0.0,0.0,0.0,1210000.0,0.0,1790600.0,0.0,0.0,0.0,0.0,0.0,0.0,0.0,0.0,0.0,0.0,0.0,0.0,0.0,0.0,0.0,0.0
Q9BRF8,0.0,0.0,0.0,0.0,0.0,0.0,0.0,1771400.0,1376900.0,0.0,0.0,0.0,0.0,0.0,0.0,0.0,0.0,0.0,0.0,0.0,0.0,0.0,0.0,0.0
Q9BRP8,0.0,0.0,0.0,0.0,0.0,1163400.0,0.0,2082900.0,2406300.0,0.0,0.0,0.0,0.0,0.0,0.0,0.0,0.0,0.0,0.0,0.0,0.0,0.0,0.0,0.0
Q9BTE6,0.0,0.0,0.0,0.0,0.0,0.0,0.0,0.0,0.0,0.0,0.0,0.0,0.0,0.0,0.0,0.0,0.0,0.0,0.0,0.0,0.0,0.0,0.0,0.0
Q9BW30,0.0,0.0,0.0,0.0,0.0,0.0,0.0,0.0,11759000.0,0.0,0.0,0.0,0.0,0.0,0.0,0.0,0.0,0.0,0.0,0.0,0.0,0.0,0.0,0.0
Q9BWV3,0.0,0.0,0.0,0.0,0.0,0.0,0.0,0.0,0.0,0.0,0.0,0.0,0.0,0.0,0.0,0.0,0.0,0.0,0.0,0.0,0.0,0.0,0.0,0.0
Q9BYD5,0.0,0.0,0.0,0.0,0.0,0.0,0.0,0.0,0.0,0.0,0.0,0.0,27347000.0,0.0,18871000.0,0.0,0.0,14233000.0,0.0,0.0,0.0,0.0,30692000.0,0.0
Q9BZG1,0.0,0.0,0.0,0.0,0.0,0.0,0.0,0.0,0.0,0.0,0.0,0.0,0.0,0.0,0.0,0.0,0.0,0.0,0.0,0.0,0.0,0.0,0.0,0.0
Q9GZZ8,0.0,347520000.0,172760000.0,22165000.0,0.0,335830000.0,76399000.0,0.0,835630000.0,0.0,8866300.0,0.0,0.0,7498500.0,0.0,0.0,0.0,0.0,0.0,0.0,0.0,8038900.0,0.0,0.0
Q9H173,0.0,0.0,0.0,0.0,0.0,0.0,0.0,0.0,0.0,0.0,0.0,0.0,0.0,0.0,0.0,0.0,3495400.0,0.0,0.0,0.0,0.0,0.0,0.0,0.0
Q9H299,0.0,0.0,0.0,0.0,0.0,0.0,0.0,13979000.0,0.0,0.0,0.0,0.0,0.0,0.0,0.0,0.0,0.0,0.0,0.0,0.0,0.0,0.0,0.0,0.0
Q9H2C0,0.0,0.0,0.0,0.0,0.0,0.0,0.0,0.0,0.0,0.0,0.0,0.0,0.0,0.0,0.0,0.0,0.0,0.0,0.0,0.0,0.0,0.0,0.0,0.0
Q9H6R0,0.0,3235900.0,7257600.0,0.0,0.0,4926600.0,13722000.0,0.0,0.0,3660200.0,0.0,10096000.0,0.0,5320300.0,0.0,0.0,0.0,6422700.0,2454100.0,51442000.0,0.0,0.0,19740000.0,0.0
Q9HC38,0.0,0.0,0.0,0.0,0.0,0.0,0.0,1800400.0,1660400.0,0.0,0.0,0.0,0.0,0.0,0.0,0.0,0.0,0.0,0.0,0.0,0.0,0.0,0.0,0.0
Q9HC84,0.0,0.0,0.0,0.0,0.0,0.0,0.0,0.0,0.0,0.0,0.0,0.0,3548300.0,838120.0,46636000.0,0.0,1630600.0,3637300.0,2347300.0,5874600.0,2592400.0,10995000.0,3639600.0,2253600.0
Q9HCY8,0.0,0.0,0.0,0.0,0.0,0.0,0.0,0.0,0.0,0.0,0.0,0.0,24059000.0,3609600.0,10531000.0,0.0,16961000.0,5673400.0,2403400.0,0.0,15443000.0,8610600.0,7883200.0,0.0
Q9HD89,0.0,0.0,4242000.0,0.0,0.0,0.0,0.0,0.0,0.0,0.0,0.0,0.0,0.0,0.0,0.0,0.0,0.0,2783500.0,0.0,0.0,0.0,0.0,0.0,0.0
Q9NP55,0.0,186950000.0,7237500.0,0.0,0.0,128830000.0,16292000.0,48734000.0,0.0,0.0,0.0,54471000.0,0.0,0.0,0.0,0.0,0.0,22546000.0,0.0,63636000.0,0.0,50634000.0,0.0,0.0
Q9NTG1,0.0,0.0,0.0,0.0,0.0,0.0,0.0,0.0,0.0,0.0,0.0,0.0,0.0,0.0,0.0,0.0,0.0,0.0,0.0,0.0,0.0,0.0,0.0,0.0
Q9NTJ4,0.0,0.0,0.0,0.0,0.0,0.0,0.0,0.0,0.0,0.0,0.0,0.0,0.0,0.0,0.0,0.0,0.0,0.0,0.0,0.0,0.0,0.0,0.0,0.0
Q9NYL9,0.0,0.0,0.0,0.0,0.0,0.0,0.0,0.0,0.0,0.0,0.0,0.0,0.0,0.0,0.0,0.0,0.0,0.0,0.0,0.0,0.0,0.0,0.0,0.0
Q9NZR2,0.0,0.0,0.0,0.0,0.0,0.0,0.0,0.0,0.0,0.0,0.0,0.0,0.0,0.0,0.0,0.0,0.0,0.0,0.0,0.0,0.0,66453.0,0.0,0.0
Q9NZT1,0.0,0.0,0.0,0.0,0.0,0.0,8177300.0,0.0,9333100.0,0.0,0.0,0.0,0.0,0.0,0.0,0.0,0.0,0.0,0.0,0.0,0.0,0.0,0.0,0.0
Q9P1F3,0.0,0.0,0.0,0.0,0.0,0.0,0.0,0.0,0.0,0.0,0.0,0.0,0.0,0.0,0.0,0.0,0.0,0.0,0.0,0.0,0.0,0.0,0.0,0.0
Q9P2E9,0.0,0.0,0.0,0.0,0.0,0.0,0.0,531880.0,34814.0,0.0,0.0,0.0,0.0,0.0,0.0,0.0,0.0,0.0,0.0,0.0,0.0,0.0,0.0,0.0
Q9UBC9,0.0,0.0,0.0,0.0,0.0,0.0,0.0,1691400.0,12143000.0,0.0,0.0,0.0,184580000.0,56031000.0,64188000.0,0.0,95378000.0,0.0,0.0,4234400.0,32063000.0,46946000.0,81310000.0,0.0
Q9UBD5,0.0,0.0,0.0,0.0,0.0,0.0,0.0,0.0,0.0,0.0,0.0,0.0,3464700.0,0.0,0.0,0.0,0.0,0.0,0.0,0.0,0.0,0.0,0.0,0.0
Q9UBD6,0.0,0.0,0.0,0.0,0.0,0.0,0.0,0.0,0.0,0.0,0.0,0.0,0.0,0.0,0.0,0.0,0.0,0.0,0.0,0.0,0.0,0.0,0.0,0.0
Q9UBG3,0.0,0.0,0.0,0.0,0.0,0.0,0.0,0.0,0.0,0.0,0.0,0.0,7819300.0,20225000.0,4440700.0,0.0,8137900.0,2132400.0,0.0,0.0,0.0,14739000.0,24062000.0,0.0
Q9UDY2,0.0,0.0,0.0,0.0,0.0,126200.0,0.0,223240.0,0.0,0.0,0.0,0.0,0.0,0.0,0.0,0.0,0.0,0.0,0.0,0.0,0.0,0.0,0.0,0.0
Q9UGM3,0.0,0.0,0.0,0.0,0.0,0.0,1286600.0,0.0,0.0,0.0,0.0,1820300.0,544230.0,491430.0,1241200.0,0.0,0.0,2825800.0,1067200.0,10006000.0,0.0,5247800.0,4125700.0,0.0
Q9UHA7,0.0,0.0,0.0,0.0,0.0,0.0,0.0,0.0,0.0,0.0,0.0,0.0,9810400.0,0.0,0.0,0.0,0.0,0.0,0.0,0.0,2050900.0,0.0,1033200.0,0.0
Q9UHD8,0.0,0.0,0.0,0.0,0.0,0.0,0.0,0.0,1437400.0,0.0,0.0,0.0,0.0,0.0,0.0,0.0,0.0,0.0,0.0,0.0,0.0,0.0,0.0,0.0
Q9UIV8,0.0,0.0,0.0,0.0,0.0,0.0,0.0,0.0,0.0,0.0,0.0,0.0,0.0,0.0,0.0,0.0,1810700.0,0.0,0.0,0.0,0.0,1245700.0,0.0,0.0
Q9UJ70,0.0,0.0,0.0,0.0,0.0,0.0,0.0,0.0,0.0,0.0,0.0,0.0,1100000.0,0.0,1449000.0,0.0,3064900.0,4417400.0,0.0,0.0,0.0,0.0,2889500.0,0.0
Q9UJU6,0.0,0.0,0.0,0.0,0.0,0.0,0.0,0.0,1506100.0,0.0,0.0,0.0,0.0,694360.0,0.0,0.0,0.0,0.0,0.0,0.0,0.0,0.0,0.0,0.0
Q9UKI8,0.0,0.0,0.0,0.0,0.0,0.0,0.0,0.0,0.0,0.0,0.0,0.0,0.0,0.0,0.0,0.0,0.0,0.0,0.0,0.0,0.0,0.0,0.0,0.0
Q9UKR0,0.0,0.0,0.0,0.0,0.0,0.0,0.0,0.0,0.0,0.0,0.0,0.0,0.0,0.0,5873000.0,0.0,0.0,0.0,0.0,0.0,0.0,0.0,0.0,0.0
Q9UKR3,0.0,0.0,0.0,0.0,0.0,0.0,0.0,0.0,0.0,0.0,0.0,0.0,0.0,0.0,3170000.0,0.0,4350100.0,0.0,0.0,0.0,0.0,3096800.0,3474600.0,0.0
Q9UL46,0.0,6080500.0,0.0,0.0,0.0,16076000.0,0.0,15036000.0,4024700.0,0.0,0.0,0.0,0.0,0.0,0.0,0.0,0.0,0.0,0.0,0.0,0.0,0.0,0.0,0.0
Q9ULZ3,0.0,0.0,0.0,0.0,0.0,3037300.0,0.0,3699100.0,3143800.0,0.0,0.0,0.0,0.0,0.0,0.0,0.0,0.0,0.0,0.0,0.0,0.0,0.0,0.0,0.0
Q9UM07,0.0,0.0,0.0,0.0,0.0,0.0,0.0,0.0,0.0,0.0,0.0,0.0,0.0,0.0,0.0,0.0,0.0,0.0,0.0,424730.0,0.0,0.0,0.0,0.0
Q9UNS2,0.0,0.0,0.0,0.0,0.0,0.0,0.0,0.0,0.0,0.0,0.0,0.0,0.0,0.0,0.0,0.0,0.0,0.0,0.0,0.0,0.0,0.0,0.0,0.0
Q9Y265,0.0,0.0,0.0,0.0,0.0,0.0,0.0,0.0,0.0,0.0,0.0,0.0,0.0,0.0,0.0,0.0,0.0,0.0,0.0,0.0,0.0,0.0,0.0,0.0
Q9Y2V2,0.0,0.0,0.0,0.0,0.0,0.0,0.0,0.0,2713400.0,0.0,0.0,0.0,3388100.0,0.0,0.0,0.0,0.0,0.0,0.0,0.0,0.0,0.0,0.0,0.0
Q9Y2Z0,0.0,0.0,0.0,0.0,0.0,0.0,0.0,0.0,0.0,0.0,0.0,0.0,0.0,0.0,0.0,0.0,0.0,0.0,0.0,0.0,0.0,0.0,0.0,0.0
Q9Y314,0.0,0.0,0.0,0.0,0.0,0.0,0.0,0.0,0.0,0.0,0.0,0.0,2906100.0,0.0,0.0,0.0,0.0,0.0,0.0,0.0,0.0,0.0,0.0,0.0
Q9Y3Z3,0.0,0.0,0.0,0.0,0.0,1021800.0,0.0,1010200.0,0.0,0.0,0.0,0.0,0.0,0.0,0.0,0.0,0.0,0.0,0.0,0.0,0.0,0.0,0.0,0.0
Q9Y490,0.0,0.0,0.0,0.0,0.0,0.0,0.0,152870.0,0.0,0.0,0.0,0.0,0.0,0.0,0.0,0.0,0.0,0.0,0.0,0.0,0.0,0.0,0.0,0.0
Q9Y5Z4,0.0,0.0,0.0,0.0,0.0,3898200.0,0.0,2923800.0,5112500.0,0.0,0.0,0.0,0.0,0.0,0.0,0.0,2361200.0,0.0,0.0,0.0,0.0,887990.0,2288300.0,0.0
Q9Y6D9,0.0,0.0,0.0,0.0,0.0,0.0,0.0,0.0,0.0,0.0,0.0,0.0,1328100.0,0.0,0.0,0.0,0.0,0.0,0.0,0.0,0.0,0.0,0.0,0.0
Q9Y6N5,0.0,0.0,0.0,0.0,0.0,0.0,0.0,0.0,0.0,0.0,0.0,0.0,0.0,0.0,0.0,0.0,0.0,1279000.0,0.0,0.0,0.0,0.0,0.0,0.0
Q9Y6R7,0.0,0.0,0.0,0.0,0.0,3430600.0,0.0,0.0,0.0,0.0,0.0,538550.0,0.0,0.0,0.0,0.0,0.0,0.0,0.0,5626600.0,0.0,205120.0,117700.0,0.0
